,Symbol
0,A
1,AA
2,AAIC
3,AAIC-PB
4,AAIC-PC
5,AAIN
6,AAM-PA
7,AAM-PB
8,AAN
9,AAP
10,AAT
11,AB
12,ABBV
13,ABG
14,ABM
15,ABR
16,ABR-PD
17,ABR-PE
18,ABR-PF
19,ABT
20,AC
21,ACA
22,ACCO
23,ACEL
24,ACHR
25,ACI
26,ACM
27,ACP
28,ACP-PA
29,ACR
30,ACR-PC
31,ACR-PD
32,ACRE
33,ACV
34,ADC
35,ADC-PA
36,ADM
37,ADNT
38,ADT
39,ADX
40,AEE
41,AEFC
42,AEL
43,AEL-PA
44,AEL-PB
45,AEO
46,AES
47,AESC
48,AFB
49,AFG
50,AFGB
51,AFGC
52,AFGD
53,AFGE
54,AFL
55,AGCO
56,AGD
57,AGL
58,AGM
59,AGM-PC
60,AGM-PD
61,AGM-PE
62,AGM-PF
63,AGM-PG
64,AGR
65,AGS
66,AGTI
67,AGX
68,AHH
69,AHH-PA
70,AHT
71,AHT-PD
72,AHT-PF
73,AHT-PG
74,AHT-PH
75,AHT-PI
76,AI
77,AIC
78,AIG
79,AIG-PA
80,AIN
81,AIR
82,AIRC
83,AIT
84,AIV
85,AIZ
86,AIZN
87,AJG
88,AJX
89,AJXA
90,AKR
91,AL
92,AL-PA
93,ALB
94,ALE
95,ALEX
96,ALG
97,ALIT
98,ALK
99,ALL
100,ALL-PB
101,ALL-PH
102,ALL-PI
103,ALL-PJ
104,ALLE
105,ALLY
106,ALSN
107,ALTG
108,ALTG-PA
109,ALX
110,AM
111,AMBC
112,AMC
113,AME
114,AMG
115,AMH
116,AMH-PG
117,AMH-PH
118,AMK
119,AMN
120,AMP
121,AMPX
122,AMPY
123,AMR
124,AMRC
125,AMRX
126,AMT
127,AMTB
128,AMWL
129,AN
130,ANET
131,ANF
132,ANVS
133,AOD
134,AOMR
135,AON
136,AORT
137,AOS
138,AP
139,APAM
140,APD
141,APH
142,APLE
143,APRN
144,AQN
145,AQNA
146,AQNB
147,AQNU
148,AR
149,ARC
150,ARCH
151,ARDC
152,ARE
153,ARES
154,ARI
155,ARIS
156,ARL
157,ARLO
158,ARMK
159,AROC
160,ARR
161,ARR-PC
162,ARW
163,ASA
164,ASAN
165,ASB
166,ASB-PE
167,ASB-PF
168,ASBA
169,ASG
170,ASGN
171,ASH
172,ASIX
173,ASPN
174,ATEN
175,ATGE
176,ATI
177,ATKR
178,ATO
179,ATR
180,ATUS
181,AUB
182,AUB-PA
183,AVA
184,AVB
185,AVD
186,AVK
187,AVNS
188,AVNT
189,AVTR
190,AVY
191,AWF
192,AWI
193,AWK
194,AWP
195,AWR
196,AX
197,AXL
198,AXP
199,AXR
200,AXTA
201,AYI
202,AYX
203,AZEK
204,AZO
205,AZZ
206,B
207,BA
208,BAC
209,BAC-PB
210,BAC-PE
211,BAC-PK
212,BAC-PL
213,BAC-PM
214,BAC-PN
215,BAC-PO
216,BAC-PP
217,BAC-PQ
218,BAC-PS
219,BAH
220,BALL
221,BALY
222,BANC
223,BAX
224,BBDC
225,BBN
226,BBW
227,BBWI
228,BBY
229,BC
230,BC-PA
231,BC-PB
232,BC-PC
233,BCAT
234,BCC
235,BCO
236,BCSF
237,BCX
238,BDC
239,BDJ
240,BDN
241,BDX
242,BE
243,BEN
244,BEPC
245,BERY
246,BF-A
247,BF-B
248,BFAM
249,BFH
250,BFK
251,BFLY
252,BFS
253,BFS-PD
254,BFS-PE
255,BFZ
256,BG
257,BGB
258,BGH
259,BGR
260,BGS
261,BGSF
262,BGT
263,BGY
264,BH
265,BHE
266,BHG
267,BHIL
268,BHK
269,BHLB
270,BHR
271,BHR-PB
272,BHR-PD
273,BHV
274,BHVN
275,BIG
276,BILL
277,BIO
278,BIO-B
279,BJ
280,BK
281,BKD
282,BKE
283,BKH
284,BKKT
285,BKN
286,BKSY
287,BKT
288,BKU
289,BLD
290,BLDR
291,BLE
292,BLK
293,BLND
294,BLW
295,BME
296,BMI
297,BML-PG
298,BML-PH
299,BML-PJ
300,BML-PL
301,BMY
302,BNED
303,BNL
304,BNY
305,BOAC
306,BOC
307,BODY
308,BOE
309,BOH
310,BOH-PA
311,BOOT
312,BOWL
313,BOX
314,BPT
315,BR
316,BRBR
317,BRC
318,BRCC
319,BRDG
320,BRK-A
321,BRK-B
322,BRO
323,BROS
324,BRSP
325,BRT
326,BRW
327,BRX
328,BSL
329,BSM
330,BST
331,BSX
332,BTA
333,BTO
334,BTT
335,BTU
336,BTZ
337,BUI
338,BURL
339,BV
340,BVH
341,BW
342,BW-PA
343,BWA
344,BWG
345,BWNB
346,BWSN
347,BWXT
348,BX
349,BXC
350,BXMT
351,BXMX
352,BXP
353,BY
354,BYD
355,BYM
356,BZH
357,C
358,C-PJ
359,C-PK
360,C-PN
361,CABO
362,CACI
363,CADE
364,CADE-PA
365,CAF
366,CAG
367,CAH
368,CAL
369,CALX
370,CANO
371,CAPL
372,CARR
373,CARS
374,CAT
375,CATO
376,CBH
377,CBL
378,CBRE
379,CBT
380,CBU
381,CBZ
382,CC
383,CCI
384,CCK
385,CCL
386,CCO
387,CCRD
388,CCS
389,CCZ
390,CDAY
391,CDE
392,CDR-PB
393,CDR-PC
394,CDRE
395,CE
396,CEE
397,CEIX
398,CEM
399,CEN
400,CEQP
401,CEQP-P
402,CF
403,CFG
404,CFG-PD
405,CFG-PE
406,CFR
407,CFR-PB
408,CHCT
409,CHD
410,CHE
411,CHGG
412,CHH
413,CHN
414,CHPT
415,CHS
416,CHWY
417,CI
418,CIA
419,CIEN
420,CIF
421,CII
422,CIM
423,CIM-PA
424,CIM-PB
425,CIM-PC
426,CIM-PD
427,CION
428,CIR
429,CIVI
430,CL
431,CLDT
432,CLDT-PA
433,CLF
434,CLH
435,CLPR
436,CLW
437,CLX
438,CMA
439,CMC
440,CMG
441,CMI
442,CMP
443,CMS
444,CMS-PB
445,CMS-PC
446,CMSA
447,CMSC
448,CMSD
449,CMTG
450,CMU
451,CNA
452,CNC
453,CNK
454,CNM
455,CNMD
456,CNNE
457,CNO
458,CNO-PA
459,CNP
460,CNS
461,CNX
462,CODI
463,CODI-PA
464,CODI-PB
465,CODI-PC
466,COF
467,COF-PI
468,COF-PJ
469,COF-PK
470,COF-PL
471,COF-PN
472,COHR
473,COLD
474,COMP
475,COO
476,COOK
477,COP
478,COR
479,CORR
480,CORR-PA
481,COTY
482,COUR
483,CPB
484,CPE
485,CPF
486,CPK
487,CPS
488,CPT
489,CR
490,CRBG
491,CRC
492,CRD-A
493,CRD-B
494,CRGY
495,CRI
496,CRK
497,CRL
498,CRM
499,CRS
500,CRT
501,CSL
502,CSR
503,CSR-PC
504,CSV
505,CTA-PA
506,CTA-PB
507,CTBB
508,CTDD
509,CTLT
510,CTO
511,CTO-PA
512,CTR
513,CTRA
514,CTRE
515,CTS
516,CTVA
517,CUBB
518,CUBE
519,CUBI
520,CUBI-PE
521,CUBI-PF
522,CUK
523,CULP
524,CURO
525,CUZ
526,CVI
527,CVNA
528,CVS
529,CVX
530,CW
531,CWAN
532,CWEN
533,CWH
534,CWT
535,CXE
536,CXH
537,CXM
538,CXT
539,CXW
540,CYH
541,D
542,DAL
543,DAN
544,DAR
545,DASH
546,DBD
547,DBI
548,DBL
549,DBRG
550,DBRG-PH
551,DBRG-PI
552,DBRG-PJ
553,DCI
554,DCO
555,DCP-PC
556,DD
557,DDD
558,DDS
559,DDT
560,DE
561,DEA
562,DECK
563,DEI
564,DELL
565,DFH
566,DFIN
567,DFS
568,DG
569,DGX
570,DHF
571,DHI
572,DHR
573,DHX
574,DIN
575,DINO
576,DIS
577,DK
578,DKL
579,DKS
580,DLB
581,DLR
582,DLR-PJ
583,DLR-PK
584,DLR-PL
585,DLX
586,DM
587,DMO
588,DMS
589,DNA
590,DNB
591,DNMR
592,DNOW
593,DNP
594,DO
595,DOC
596,DOCN
597,DOCS
598,DOUG
599,DOV
600,DOW
601,DPG
602,DPZ
603,DRH
604,DRH-PA
605,DRI
606,DRQ
607,DSM
608,DSU
609,DT
610,DTB
611,DTE
612,DTF
613,DTG
614,DTM
615,DTW
616,DUK
617,DUK-PA
618,DUKB
619,DV
620,DVA
621,DVN
622,DX
623,DX-PC
624,DXC
625,DY
626,EAF
627,EAI
628,EARN
629,EAT
630,EB
631,EBF
632,EBS
633,ECC           
634,ECC-PD
635,ECCC
636,ECCV
637,ECCW
638,ECCX
639,ECL
640,ECVT
641,ED
642,EDD
643,EDF
644,EDI
645,EDR
646,EE
647,EEA
648,EEX
649,EFC
650,EFC-PA
651,EFC-PB
652,EFC-PC
653,EFR
654,EFT
655,EFX
656,EGF
657,EGLE
658,EGP
659,EGY
660,EHAB
661,EHC
662,EHI
663,EIG
664,EIX
665,EL
666,ELAN
667,ELC
668,ELF
669,ELME
670,ELS
671,ELV
672,EMD
673,EME
674,EMF
675,EMN
676,EMO
677,EMP
678,EMR
679,ENFN
680,ENJ
681,ENLC
682,ENO
683,ENOV
684,ENR
685,ENS
686,ENV
687,ENVA
688,ENZ
689,EOD
690,EOG
691,EOI
692,EOT
693,EP-PC
694,EPAC
695,EPAM
696,EPC
697,EPD
698,EPR
699,EPR-PC
700,EPR-PE
701,EPR-PG
702,EPRT
703,EQBK
704,EQC
705,EQC-PD
706,EQH
707,EQH-PA
708,EQH-PC
709,EQR
710,EQS
711,EQT
712,ES
713,ESAB
714,ESE
715,ESI
716,ESRT
717,ESS
718,ESTC
719,ESTE
720,ET
721,ET-PC
722,ET-PD
723,ET-PE
724,ETB
725,ETD
726,ETG
727,ETI-P
728,ETJ
729,ETO
730,ETR
731,ETRN
732,ETV
733,ETW
734,ETY
735,EVA
736,EVC
737,EVF
738,EVG
739,EVH
740,EVN
741,EVR
742,EVRI
743,EVT
744,EW
745,EXG
746,EXP
747,EXPR
748,EXR
749,F
750,F-PB
751,F-PC
752,F-PD
753,FAF
754,FAM
755,FBIN
756,FBK
757,FBRT
758,FBRT-PE
759,FC
760,FCF
761,FCN
762,FCPT
763,FCRX
764,FCT
765,FCX
766,FDX
767,FE
768,FET
769,FF
770,FFA
771,FFC
772,FFWM
773,FG
774,FGB
775,FHI
776,FHN
777,FHN-PB
778,FHN-PC
779,FHN-PD
780,FHN-PE
781,FHN-PF
782,FI
783,FICO
784,FIF
785,FIGS
786,FINV
787,FIS
788,FIX
789,FL
790,FLC
791,FLO
792,FLR
793,FLS
794,FLT
795,FMC
796,FMN
797,FMY
798,FNA
799,FNB
800,FNB-PE
801,FND
802,FNF
803,FOF
804,FOR
805,FOUR
806,FPH
807,FPI
808,FR
809,FRA
810,FRGE
811,FRT
812,FRT-PC
813,FSCO
814,FSK
815,FSLY
816,FSR
817,FSS
818,FT
819,FTHY
820,FTK
821,FTS
822,FTV
823,FUL
824,FUN
825,GAB
826,GAB-PG
827,GAB-PH
828,GAB-PK
829,GAM
830,GAM-PB
831,GATO
832,GATX
833,GBAB
834,GBCI
835,GBTG
836,GBX
837,GCI
838,GCO
839,GCV
840,GD
841,GDDY
842,GDL
843,GDL-PC
844,GDO
845,GDOT
846,GDV
847,GDV-PH
848,GDV-PK
849,GE
850,GEF
851,GEL
852,GEO
853,GES
854,GETY
855,GF
856,GFF
857,GGG
858,GGT
859,GGT-PE
860,GGT-PG
861,GHC
862,GHI
863,GHL
864,GHM
865,GHY
866,GIC
867,GIM
868,GIS
869,GJH
870,GJO
871,GJS
872,GJT
873,GKOS
874,GL
875,GL-PD
876,GLOB
877,GLP
878,GLP-PA
879,GLP-PB
880,GLT
881,GLW
882,GM
883,GME
884,GMED
885,GMRE
886,GMRE-PA
887,GMS
888,GNE
889,GNK
890,GNL
891,GNL-PA
892,GNL-PB
893,GNRC
894,GNT
895,GNT-PA
896,GNTY
897,GNW
898,GOF
899,GOLF
900,GPC
901,GPI
902,GPJA
903,GPK
904,GPMT
905,GPMT-PA
906,GPN
907,GPOR
908,GPS
909,GRBK
910,GRBK-PA
911,GRC
912,GRNT
913,GRX
914,GS
915,GS-PA
916,GS-PC
917,GS-PD
918,GS-PJ
919,GS-PK
920,GSBD
921,GTLS
922,GTLS-PB
923,GTN
924,GTY
925,GUG
926,GUT
927,GUT-PC
928,GVA
929,GWH
930,GWRE
931,GWW
932,GXO
933,H
934,HAE
935,HAL
936,HASI
937,HAYW
938,HBI
939,HCA
940,HCC
941,HCI
942,HCXY
943,HD
944,HE
945,HEI
946,HEI-A
947,HEP
948,HEQ
949,HES
950,HESM
951,HFRO
952,HFRO-PA
953,HGTY
954,HGV
955,HHH
956,HI
957,HIE
958,HIG
959,HIG-PG
960,HII
961,HIMS
962,HIO
963,HIPO
964,HIW
965,HIX
966,HL
967,HL-PB
968,HLI
969,HLIO
970,HLLY
971,HLT
972,HLX
973,HMN
974,HNI
975,HOG
976,HOMB
977,HOUS
978,HOV
979,HP
980,HPE
981,HPF
982,HPI
983,HPP
984,HPP-PC
985,HPQ
986,HPS
987,HQH
988,HQL
989,HR
990,HRB
991,HRI
992,HRL
993,HRT
994,HSY
995,HT
996,HT-PC
997,HT-PD
998,HT-PE
999,HTD
1000,HTFB
1001,HTFC
1002,HTGC
1003,HTH
1004,HTY
1005,HUBB
1006,HUBS
1007,HUM
1008,HUN
1009,HUYA
1010,HVT
1011,HWM
1012,HXL
1013,HY
1014,HYB
1015,HYLN
1016,HYT
1017,HZO
1018,IAE
1019,IBM
1020,IBP
1021,ICE
1022,IDA
1023,IDE
1024,IDT
1025,IEX
1026,IFF
1027,IFN
1028,IGA
1029,IGD
1030,IGI
1031,IGR
1032,IGT
1033,IH
1034,IHD
1035,IHIT
1036,IIF
1037,IIIN
1038,IIM
1039,IIPR
1040,IIPR-PA
1041,INFA
1042,INGR
1043,INN
1044,INN-PE
1045,INN-PF
1046,INSI
1047,INSP
1048,INSW
1049,INVH
1050,IONQ
1051,IOT
1052,IP
1053,IPG
1054,IPI
1055,IQI
1056,IQV
1057,IR
1058,IRM
1059,IRT
1060,ISD
1061,IT
1062,ITGR
1063,ITT
1064,ITW
1065,IVR
1066,IVR-PB
1067,IVR-PC
1068,IVT
1069,IVZ
1070,J
1071,JBGS
1072,JBI
1073,JBK
1074,JBL
1075,JBT
1076,JCE
1077,JEF
1078,JELD
1079,JEQ
1080,JFR
1081,JGH
1082,JHI
1083,JHS
1084,JILL
1085,JLL
1086,JLS
1087,JMM
1088,JNJ
1089,JNPR
1090,JOBY
1091,JOE
1092,JOF
1093,JPC
1094,JPM
1095,JPM-PC
1096,JPM-PD
1097,JPM-PJ
1098,JPM-PK
1099,JPM-PL
1100,JPM-PM
1101,JPS
1102,JPT
1103,JQC
1104,JRI
1105,JRS
1106,JWN
1107,JXN
1108,JXN-PA
1109,K
1110,KAI
1111,KAMN
1112,KAR
1113,KBH
1114,KBR
1115,KD
1116,KEX
1117,KEY
1118,KEY-PI
1119,KEY-PJ
1120,KEY-PK
1121,KEY-PL
1122,KEYS
1123,KF
1124,KFY
1125,KIM
1126,KIM-PL
1127,KIM-PM
1128,KIND
1129,KKR
1130,KKR-PC
1131,KKRS
1132,KLR
1133,KMB
1134,KMI
1135,KMPB
1136,KMPR
1137,KMT
1138,KMX
1139,KN
1140,KNF
1141,KNSL
1142,KNTK
1143,KNX
1144,KO
1145,KODK
1146,KOP
1147,KORE
1148,KR
1149,KRC
1150,KREF
1151,KREF-PA
1152,KRG
1153,KRO
1154,KRP
1155,KSM
1156,KSS
1157,KTB
1158,KTF
1159,KTH
1160,KTN
1161,KW
1162,KWR
1163,KYN
1164,L
1165,LAD
1166,LADR
1167,LAW
1168,LBRT
1169,LC
1170,LCII
1171,LDI
1172,LDOS
1173,LDP
1174,LEA
1175,LEG
1176,LEN
1177,LEO
1178,LEVI
1179,LFT
1180,LFT-PA
1181,LGI
1182,LH
1183,LHX
1184,LII
1185,LL
1186,LLAP
1187,LLY
1188,LMND
1189,LMT
1190,LNC
1191,LNC-PD
1192,LNN
1193,LOB
1194,LOW
1195,LPG
1196,LPX
1197,LRN
1198,LTC
1199,LTH
1200,LTHM
1201,LUMN
1202,LUV
1203,LVS
1204,LW
1205,LXP
1206,LXP-PC
1207,LXU
1208,LYV
1209,LZB
1210,M
1211,MA
1212,MAA
1213,MAA-PI
1214,MAC
1215,MAIN
1216,MAN
1217,MAS
1218,MATV
1219,MATX
1220,MAV
1221,MBC
1222,MBI
1223,MC
1224,MCB
1225,MCD
1226,MCI
1227,MCK
1228,MCN
1229,MCO
1230,MCR
1231,MCS
1232,MCW
1233,MCY
1234,MD
1235,MDC
1236,MDT
1237,MDU
1238,MEC
1239,MED
1240,MEG
1241,MEGI
1242,MEI
1243,MER-PK
1244,MET
1245,MET-PA
1246,MET-PE
1247,MET-PF
1248,MFA
1249,MFA-PB
1250,MFA-PC
1251,MFD
1252,MFM
1253,MFV
1254,MG
1255,MGF
1256,MGM
1257,MGR
1258,MGRB
1259,MGRD
1260,MGY
1261,MHD
1262,MHF
1263,MHI
1264,MHK
1265,MHN
1266,MHO
1267,MIN
1268,MIR
1269,MITT
1270,MITT-PA
1271,MITT-PB
1272,MITT-PC
1273,MIY
1274,MKC
1275,MKFG
1276,MKL
1277,ML
1278,MLI
1279,MLM
1280,MLNK
1281,MLP
1282,MLR
1283,MMC
1284,MMD
1285,MMI
1286,MMM
1287,MMP
1288,MMS
1289,MMT
1290,MMU
1291,MNP
1292,MO
1293,MOD
1294,MODG
1295,MODN
1296,MOH
1297,MOS
1298,MOV
1299,MPA
1300,MPC
1301,MPLX
1302,MPV
1303,MPW
1304,MPX
1305,MQT
1306,MQY
1307,MRC
1308,MRDB
1309,MRK
1310,MRO
1311,MS
1312,MS-PA
1313,MS-PE
1314,MS-PF
1315,MS-PI
1316,MS-PK
1317,MS-PL
1318,MS-PO
1319,MS-PP
1320,MSA
1321,MSB
1322,MSCI
1323,MSD
1324,MSGE
1325,MSGS
1326,MSI
1327,MSM
1328,MTB
1329,MTB-PH
1330,MTDR
1331,MTG
1332,MTH
1333,MTN
1334,MTR
1335,MTRN
1336,MTW
1337,MTX
1338,MTZ
1339,MUA
1340,MUC
1341,MUE
1342,MUI
1343,MUJ
1344,MUR
1345,MUSA
1346,MVF
1347,MVO
1348,MVT
1349,MWA
1350,MXE
1351,MXF
1352,MYD
1353,MYE
1354,MYI
1355,MYN
1356,NABL
1357,NAC
1358,NAD
1359,NAN
1360,NAPA
1361,NAZ
1362,NBB
1363,NBHC
1364,NC
1365,NCA
1366,NCLH
1367,NCR
1368,NCV
1369,NCV-PA
1370,NCZ
1371,NCZ-PA
1372,NDP
1373,NEA
1374,NEE
1375,NEE-PN
1376,NEE-PR
1377,NEM
1378,NEP
1379,NET
1380,NEU
1381,NEWR
1382,NFG
1383,NFJ
1384,NGL
1385,NGL-PB
1386,NGL-PC
1387,NGS
1388,NGVC
1389,NGVT
1390,NHI
1391,NI
1392,NI-PB
1393,NIC
1394,NIE
1395,NIM
1396,NIMC
1397,NINE
1398,NIO
1399,NJR
1400,NKE
1401,NKX
1402,NL
1403,NLS
1404,NLY
1405,NLY-PF
1406,NLY-PG
1407,NLY-PI
1408,NMI
1409,NMK-PB
1410,NMK-PC
1411,NMS
1412,NMT
1413,NMZ
1414,NNI
1415,NNN
1416,NNY
1417,NOC
1418,NOG
1419,NOM
1420,NOTE
1421,NOV
1422,NOVA
1423,NOW
1424,NPK
1425,NPO
1426,NPV
1427,NQP
1428,NR
1429,NRDY
1430,NREF
1431,NREF-PA
1432,NRG
1433,NRGV
1434,NRK
1435,NRP
1436,NRT
1437,NRUC
1438,NS
1439,NS-PA
1440,NS-PB
1441,NS-PC
1442,NSA
1443,NSA-PA
1444,NSC
1445,NSP
1446,NSS
1447,NTST
1448,NUE
1449,NUS
1450,NUV
1451,NUVB
1452,NUW
1453,NVG
1454,NVR
1455,NVRI
1456,NVRO
1457,NVST
1458,NVTA
1459,NWN
1460,NX
1461,NXC
1462,NXJ
1463,NXN
1464,NXP
1465,NXRT
1466,NYCB
1467,NYCB-PA
1468,NYCB-PU
1469,NYT
1470,NZF
1471,O
1472,OAK-PA
1473,OAK-PB
1474,OBK
1475,OC
1476,OCN
1477,ODC
1478,OFC
1479,OGE
1480,OGN
1481,OGS
1482,OHI
1483,OI
1484,OIA
1485,OII
1486,OIS
1487,OKE
1488,OLN
1489,OLO
1490,OLP
1491,OMC
1492,OMF
1493,OMI
1494,ONL
1495,ONTF
1496,ONTO
1497,OOMA
1498,OPAD
1499,OPP
1500,OPP-PA
1501,OPP-PB
1502,OPY
1503,ORA
1504,ORC
1505,ORCL
1506,ORI
1507,ORN
1508,OSG
1509,OSK
1510,OUST
1511,OUT
1512,OWL
1513,OXM
1514,OXY
1515,PACK
1516,PAG
1517,PAI
1518,PAR
1519,PARR
1520,PATH
1521,PAXS
1522,PAY
1523,PAYC
1524,PB
1525,PBF
1526,PBH
1527,PBI
1528,PBI-PB
1529,PBT
1530,PCF
1531,PCG
1532,PCK
1533,PCM
1534,PCN
1535,PCOR
1536,PCQ
1537,PD
1538,PDI
1539,PDM
1540,PDT
1541,PEAK
1542,PEB
1543,PEB-PE
1544,PEB-PF
1545,PEB-PG
1546,PEB-PH
1547,PEG
1548,PEN
1549,PEO
1550,PFD
1551,PFE
1552,PFGC
1553,PFH
1554,PFL
1555,PFLT
1556,PFN
1557,PFO
1558,PFS
1559,PFSI
1560,PG
1561,PGP
1562,PGR
1563,PGRE
1564,PGTI
1565,PH
1566,PHD
1567,PHK
1568,PHM
1569,PHR
1570,PHT
1571,PHX
1572,PII
1573,PIM
1574,PINE
1575,PINS
1576,PIPR
1577,PJT
1578,PK
1579,PKE
1580,PKG
1581,PL
1582,PLD
1583,PLNT
1584,PLOW
1585,PLTR
1586,PLYM
1587,PM
1588,PMF
1589,PML
1590,PMM
1591,PMO
1592,PMT
1593,PMT-PA
1594,PMT-PB
1595,PMT-PC
1596,PMX
1597,PNC
1598,PNF
1599,PNI
1600,PNM
1601,PNNT
1602,PNW
1603,POR
1604,POST
1605,PPG
1606,PPL
1607,PPT
1608,PR
1609,PRA
1610,PRG
1611,PRGO
1612,PRH
1613,PRI
1614,PRIM
1615,PRLB
1616,PRO
1617,PRS
1618,PRT
1619,PRU
1620,PSA
1621,PSA-PF
1622,PSA-PG
1623,PSA-PH
1624,PSA-PI
1625,PSA-PJ
1626,PSA-PK
1627,PSA-PL
1628,PSA-PM
1629,PSA-PN
1630,PSA-PO
1631,PSA-PP
1632,PSA-PQ
1633,PSA-PR
1634,PSA-PS
1635,PSEC-PA
1636,PSN
1637,PSTG
1638,PSTL
1639,PSX
1640,PTY
1641,PUMP
1642,PVH
1643,PVL
1644,PWR
1645,PWSC
1646,PX
1647,PXD
1648,PYN
1649,PYT
1650,PZC
1651,QS
1652,QTWO
1653,QUAD
1654,QVCC
1655,QVCD
1656,R
1657,RAD
1658,RAMP
1659,RBC
1660,RBCP
1661,RBLX
1662,RC
1663,RC-PC
1664,RC-PE
1665,RCB
1666,RCC
1667,RCL
1668,RCS
1669,RCUS
1670,RDN
1671,RDW
1672,RES
1673,REVG
1674,REX
1675,REXR
1676,REXR-PB
1677,REXR-PC
1678,REZI
1679,RF
1680,RF-PB
1681,RF-PC
1682,RF-PE
1683,RFI
1684,RFL
1685,RGA
1686,RGR
1687,RGS
1688,RH
1689,RHI
1690,RHP
1691,RITM
1692,RITM-PA
1693,RITM-PB
1694,RITM-PC
1695,RITM-PD
1696,RJF
1697,RJF-PB
1698,RKT
1699,RL
1700,RLI
1701,RLJ
1702,RLJ-PA
1703,RM
1704,RMAX
1705,RMD
1706,RMT
1707,RNG
1708,RNGR
1709,RNP
1710,ROG
1711,ROK
1712,ROL
1713,RPM
1714,RPT
1715,RPT-PD
1716,RQI
1717,RRC
1718,RRX
1719,RS
1720,RSG
1721,RSI
1722,RTX
1723,RVLV
1724,RVT
1725,RVTY
1726,RWT
1727,RWT-PA
1728,RXO
1729,RYAM
1730,RYAN
1731,RYI
1732,RYN
1733,RZB
1734,RZC
1735,S
1736,SAFE
1737,SAH
1738,SAIC
1739,SAJ
1740,SAM
1741,SAR
1742,SAT
1743,SAVE
1744,SAY
1745,SAZ
1746,SBH
1747,SBI
1748,SBOW
1749,SBR
1750,SCCO
1751,SCD
1752,SCE-PG
1753,SCE-PH
1754,SCE-PJ
1755,SCE-PK
1756,SCE-PL
1757,SCHW
1758,SCHW-PD
1759,SCHW-PJ
1760,SCI
1761,SCL
1762,SCM
1763,SCS
1764,SCU
1765,SCX
1766,SD
1767,SE
1768,SEAS
1769,SEE
1770,SEM
1771,SEMR
1772,SF
1773,SF-PB
1774,SF-PC
1775,SF-PD
1776,SFB
1777,SFBS
1778,SG
1779,SGU
1780,SHAK
1781,SHO
1782,SHO-PH
1783,SHO-PI
1784,SHW
1785,SITC
1786,SITC-PA
1787,SITE
1788,SIX
1789,SJM
1790,SJT
1791,SJW
1792,SKIL
1793,SKT
1794,SKX
1795,SKY
1796,SLCA
1797,SLG
1798,SLG-PI
1799,SLGN
1800,SLVM
1801,SM
1802,SMAR
1803,SMG
1804,SMHI
1805,SMLP
1806,SMP
1807,SMR
1808,SMRT
1809,SNA
1810,SNAP
1811,SNDA
1812,SNDR
1813,SNOW
1814,SNV
1815,SNV-PD
1816,SNV-PE
1817,SNX
1818,SO
1819,SOI
1820,SOJC
1821,SOJD
1822,SOJE
1823,SON
1824,SOR
1825,SPB
1826,SPCE
1827,SPE
1828,SPE-PC
1829,SPG
1830,SPG-PJ
1831,SPGI
1832,SPH
1833,SPHR
1834,SPLP
1835,SPLP-PA
1836,SPR
1837,SPRU
1838,SPXC
1839,SPXX
1840,SQ
1841,SQSP
1842,SR
1843,SR-PA
1844,SRC
1845,SRC-PA
1846,SRE
1847,SREA
1848,SRG
1849,SRG-PA
1850,SRI
1851,SRT
1852,SRV
1853,SSD
1854,SST
1855,SSTK
1856,STAG
1857,STC
1858,STE
1859,STEL
1860,STEM
1861,STEW
1862,STK
1863,STR
1864,STT
1865,STT-PD
1866,STT-PG
1867,STWD
1868,STZ
1869,SUI
1870,SUM
1871,SUN
1872,SUNL
1873,SUP
1874,SWI
1875,SWK
1876,SWN
1877,SWX
1878,SWZ
1879,SXC
1880,SXI
1881,SXT
1882,SYF
1883,SYF-PA
1884,SYK
1885,SYY
1886,T
1887,T-PA
1888,T-PC
1889,TALO
1890,TBB
1891,TBC
1892,TBI
1893,TCI
1894,TCS
1895,TDC
1896,TDF
1897,TDG
1898,TDOC
1899,TDS
1900,TDS-PU
1901,TDS-PV
1902,TDW
1903,TDY
1904,TEI
1905,TEX
1906,TFC
1907,TFC-PI
1908,TFC-PO
1909,TFC-PR
1910,TFX
1911,TG
1912,TGI
1913,TGNA
1914,TGT
1915,THC
1916,THG
1917,THO
1918,THQ
1919,THR
1920,THS
1921,THW
1922,TISI
1923,TJX
1924,TKR
1925,TLYS
1926,TME
1927,TMHC
1928,TMO
1929,TMST
1930,TNC
1931,TNET
1932,TNL
1933,TOL
1934,TOST
1935,TPB
1936,TPC
1937,TPH
1938,TPL
1939,TPR
1940,TPVG
1941,TPX
1942,TPZ
1943,TR
1944,TRC
1945,TREX
1946,TRGP
1947,TRI
1948,TRN
1949,TRNO
1950,TROX
1951,TRTN
1952,TRTN-PA
1953,TRTN-PB
1954,TRTN-PC
1955,TRTN-PD
1956,TRTN-PE
1957,TRTX
1958,TRTX-PC
1959,TRU
1960,TRV
1961,TSE
1962,TSI
1963,TSN
1964,TSQ
1965,TTC
1966,TTI
1967,TTP
1968,TUP
1969,TVC
1970,TVE
1971,TWI
1972,TWLO
1973,TWN
1974,TWO
1975,TWO-PA
1976,TWO-PB
1977,TWO-PC
1978,TXT
1979,TY
1980,TY-P
1981,TYG
1982,TYL
1983,U
1984,UA
1985,UAA
1986,UAN
1987,UBER
1988,UDR
1989,UE
1990,UFI
1991,UGI
1992,UGIC
1993,UHAL
1994,UHS
1995,UHT
1996,UI
1997,UIS
1998,UMH
1999,UMH-PD
2000,UNF
2001,UNFI
2002,UNH
2003,UNM
2004,UNMA
2005,UNP
2006,UPS
2007,URI
2008,USA
2009,USAC
2010,USB
2011,USB-PA
2012,USB-PH
2013,USB-PP
2014,USB-PQ
2015,USB-PR
2016,USB-PS
2017,USDP
2018,USFD
2019,USM
2020,USNA
2021,USPH
2022,UTF
2023,UTI
2024,UTL
2025,UTZ
2026,UVE
2027,UVV
2028,UWMC
2029,UZD
2030,UZE
2031,UZF
2032,V
2033,VAC
2034,VAL
2035,VAPO
2036,VATE
2037,VBF
2038,VCV
2039,VEEV
2040,VEL
2041,VFC
2042,VGI
2043,VGM
2044,VGR
2045,VHC
2046,VHI
2047,VICI
2048,VKQ
2049,VLD
2050,VLO
2051,VLT
2052,VMC
2053,VMI
2054,VMO
2055,VMW
2056,VNO
2057,VNO-PL
2058,VNO-PM
2059,VNO-PN
2060,VNO-PO
2061,VNT
2062,VOC
2063,VOYA
2064,VOYA-PB
2065,VPG
2066,VPV
2067,VRE
2068,VRT
2069,VSCO
2070,VSH
2071,VSTO
2072,VTLE
2073,VTN
2074,VTOL
2075,VTR
2076,VTS
2077,VVI
2078,VVR
2079,VVV
2080,VVX
2081,VZIO
2082,W
2083,WAB
2084,WAL
2085,WAL-PA
2086,WAT
2087,WBS
2088,WBS-PF
2089,WBS-PG
2090,WCC
2091,WCC-PA
2092,WD
2093,WDI
2094,WE
2095,WEA
2096,WEAV
2097,WEC
2098,WELL
2099,WES
2100,WEX
2101,WFC
2102,WFC-PA
2103,WFC-PC
2104,WFC-PD
2105,WFC-PL
2106,WFC-PQ
2107,WFC-PR
2108,WFC-PY
2109,WFC-PZ
2110,WGO
2111,WH
2112,WHD
2113,WHG
2114,WHR
2115,WIA
2116,WIW
2117,WK
2118,WKC
2119,WLK
2120,WLKP
2121,WLY
2122,WLYB
2123,WM
2124,WMB
2125,WMC
2126,WMK
2127,WMS
2128,WMT
2129,WNC
2130,WOLF
2131,WOR
2132,WOW
2133,WPC
2134,WRB
2135,WRB-PE
2136,WRB-PF
2137,WRB-PG
2138,WRB-PH
2139,WRBY
2140,WRK
2141,WSM
2142,WSO
2143,WSO-B
2144,WSR
2145,WST
2146,WT
2147,WTI
2148,WTM
2149,WTRG
2150,WTS
2151,WTTR
2152,WU
2153,WWE
2154,WWW
2155,WY
2156,X
2157,XFLT
2158,XFLT-PA
2159,XHR
2160,XOM
2161,XPER
2162,XPO
2163,XPOF
2164,XPRO
2165,XYL
2166,YELP
2167,YETI
2168,YEXT
2169,YOU
2170,YUM
2171,YUMC
2172,ZBH
2173,ZIP
2174,ZTR
2175,ZTS
2176,ZUO
2177,ZVIA
2178,ZWS
2179,AACI
2180,AADI
2181,AAL
2182,AAME
2183,AAOI
2184,AAON
2185,AAPL
2186,ABCB
2187,ABEO
2188,ABIO
2189,ABL
2190,ABLLW
2191,ABNB
2192,ABOS
2193,ABSI
2194,ABVC
2195,ACAB
2196,ACABU
2197,ACAC
2198,ACACW
2199,ACAD
2200,ACAX
2201,ACAXR
2202,ACAXU
2203,ACAXW
2204,ACCD
2205,ACDC
2206,ACDCW
2207,ACER
2208,ACET
2209,ACHC
2210,ACHV
2211,ACIC
2212,ACIW
2213,ACLS
2214,ACLX
2215,ACMR
2216,ACNB
2217,ACNT
2218,ACON
2219,ACONW
2220,ACOR
2221,ACRS
2222,ACRV
2223,ACRX
2224,ACT
2225,ACTG
2226,ACVA
2227,ACXP
2228,ADBE
2229,ADD
2230,ADEA
2231,ADER
2232,ADERU
2233,ADERW
2234,ADES
2235,ADI
2236,ADIL
2237,ADMA
2238,ADN
2239,ADNWW
2240,ADOC
2241,ADOCR
2242,ADOCW
2243,ADP
2244,ADPT
2245,ADSK
2246,ADTH
2247,ADTHW
2248,ADTN
2249,ADTX
2250,ADUS
2251,ADV
2252,ADVM
2253,ADVWW
2254,AEAE
2255,AEAEU
2256,AEAEW
2257,AEHR
2258,AEI
2259,AEIS
2260,AEMD
2261,AENT
2262,AENTW
2263,AEP
2264,AEY
2265,AEYE
2266,AFBI
2267,AFCG
2268,AFIB
2269,AFRM
2270,AGAE
2271,AGEN
2272,AGFY
2273,AGIL
2274,AGILW
2275,AGIO
2276,AGLE
2277,AGNC
2278,AGNCL
2279,AGNCM
2280,AGNCN
2281,AGNCO
2282,AGNCP
2283,AGRX
2284,AGYS
2285,AHCO
2286,AIB
2287,AIBBU
2288,AIMAW
2289,AIMBU
2290,AIMD
2291,AIMDW
2292,AIP
2293,AIRG
2294,AIRS
2295,AIRT
2296,AIRTP
2297,AKAM
2298,AKBA
2299,AKLI
2300,AKRO
2301,AKTS
2302,AKU
2303,AKYA
2304,ALBT
2305,ALCO
2306,ALCY
2307,ALCYU
2308,ALDX
2309,ALEC
2310,ALGM
2311,ALGN
2312,ALGS
2313,ALGT
2314,ALHC
2315,ALIM
2316,ALKT
2317,ALLK
2318,ALLO
2319,ALLR
2320,ALNT
2321,ALNY
2322,ALOR
2323,ALORU
2324,ALORW
2325,ALOT
2326,ALPN
2327,ALPP
2328,ALRM
2329,ALRN
2330,ALRS
2331,ALSA
2332,ALSAW
2333,ALT
2334,ALTI
2335,ALTO
2336,ALTR
2337,ALTU
2338,ALTUU
2339,ALTUW
2340,ALVR
2341,ALXO
2342,ALZN
2343,AMAL
2344,AMAM
2345,AMAO
2346,AMAT
2347,AMBA
2348,AMCX
2349,AMD
2350,AMED
2351,AMEH
2352,AMGN
2353,AMKR
2354,AMLX
2355,AMNB
2356,AMPG
2357,AMPGW
2358,AMPH
2359,AMPL
2360,AMRK
2361,AMSC
2362,AMSF
2363,AMST
2364,AMSWA
2365,AMTI
2366,AMTX
2367,AMWD
2368,AMZN
2369,ANAB
2370,ANDE
2371,ANEB
2372,ANGI
2373,ANGO
2374,ANIK
2375,ANIP
2376,ANIX
2377,ANNX
2378,ANSS
2379,ANTX
2380,ANZU
2381,ANZUW
2382,AOGO
2383,AOGOU
2384,AOGOW
2385,AOUT
2386,APA
2387,APAC
2388,APACU
2389,APACW
2390,APCX
2391,APCXW
2392,APDN
2393,APEI
2394,APGE
2395,APLD
2396,APLM
2397,APLMW
2398,APLS
2399,APLT
2400,APOG
2401,APP
2402,APPF
2403,APPN
2404,APPS
2405,APRE
2406,APTM
2407,APTMU
2408,APTMW
2409,APVO
2410,APYX
2411,AQB
2412,AQMS
2413,AQST
2414,AQU
2415,AQUNR
2416,AQUNU
2417,ARAV
2418,ARAY
2419,ARCB
2420,ARCC
2421,ARDX
2422,AREB
2423,AREBW
2424,AREC
2425,ARHS
2426,ARIZ
2427,ARIZR
2428,ARIZU
2429,ARIZW
2430,ARKO
2431,ARKOW
2432,ARKR
2433,ARLP
2434,AROW
2435,ARQT
2436,ARRW
2437,ARRWU
2438,ARRWW
2439,ARRY
2440,ARTE
2441,ARTEU
2442,ARTEW
2443,ARTL
2444,ARTLW
2445,ARTNA
2446,ARTW
2447,ARVN
2448,ARWR
2449,ASLE
2450,ASMB
2451,ASNS
2452,ASO
2453,ASPA
2454,ASPAW
2455,ASPI
2456,ASRT
2457,ASRV
2458,ASST
2459,ASTC
2460,ASTE
2461,ASTI
2462,ASTR
2463,ASTS
2464,ASTSW
2465,ASUR
2466,ASYS
2467,ATAK
2468,ATAKR
2469,ATAKW
2470,ATEC
2471,ATER
2472,ATEX
2473,ATHA
2474,ATHX
2475,ATLC
2476,ATLCL
2477,ATLCP
2478,ATLO
2479,ATLX
2480,ATMC
2481,ATMCU
2482,ATMV
2483,ATMVU
2484,ATNF
2485,ATNFW
2486,ATNI
2487,ATOM
2488,ATOS
2489,ATRA
2490,ATRC
2491,ATRI
2492,ATRO
2493,ATSG
2494,ATVI
2495,ATXI
2496,ATXS
2497,AUBN
2498,AUGX
2499,AUID
2500,AUR
2501,AURA
2502,AUROW
2503,AUUD
2504,AUUDW
2505,AUVI
2506,AUVIP
2507,AVAH
2508,AVAV
2509,AVDX
2510,AVGO
2511,AVGR
2512,AVHI
2513,AVHIU
2514,AVID
2515,AVIR
2516,AVNW
2517,AVO
2518,AVPT
2519,AVPTW
2520,AVRO
2521,AVT
2522,AVTA
2523,AVTE
2524,AVTX
2525,AVXL
2526,AWH
2527,AWRE
2528,AXDX
2529,AXGN
2530,AXLA
2531,AXNX
2532,AXON
2533,AXSM
2534,AXTI
2535,AYRO
2536,AYTU
2537,AZPN
2538,AZTA
2539,BACK
2540,BAER
2541,BAERW
2542,BAFN
2543,BAND
2544,BANF
2545,BANFP
2546,BANR
2547,BANX
2548,BASE
2549,BATRA
2550,BATRK
2551,BBCP
2552,BBGI
2553,BBIO
2554,BBLG
2555,BBLGW
2556,BBSI
2557,BCAB
2558,BCAL
2559,BCBP
2560,BCDA
2561,BCDAW
2562,BCEL
2563,BCLI
2564,BCML
2565,BCOV
2566,BCOW
2567,BCPC
2568,BCRX
2569,BDSX
2570,BDTX
2571,BEAM
2572,BEAT
2573,BECN
2574,BEEM
2575,BEEMW
2576,BELFA
2577,BELFB
2578,BENF
2579,BENFW
2580,BFC
2581,BFIN
2582,BFRG
2583,BFRGW
2584,BFRI
2585,BFRIW
2586,BFST
2587,BGC
2588,BGFV
2589,BGXX
2590,BHAC
2591,BHACU
2592,BHACW
2593,BHF
2594,BHFAL
2595,BHFAM
2596,BHFAN
2597,BHFAO
2598,BHFAP
2599,BHRB
2600,BIAF
2601,BIAFW
2602,BIGC
2603,BIIB
2604,BIOC
2605,BIOL
2606,BIOR
2607,BIOS
2608,BIOSU
2609,BIRD
2610,BIVI
2611,BJDX
2612,BJRI
2613,BKCC
2614,BKNG
2615,BKR
2616,BKSC
2617,BKYI
2618,BL
2619,BLAC
2620,BLACR
2621,BLACU
2622,BLACW
2623,BLBD
2624,BLBX
2625,BLDE
2626,BLDEW
2627,BLEU
2628,BLEUR
2629,BLFS
2630,BLFY
2631,BLIN
2632,BLKB
2633,BLMN
2634,BLNK
2635,BLPH
2636,BLTE
2637,BLUE
2638,BLZE
2639,BMBL
2640,BMEA
2641,BMRA
2642,BMRC
2643,BMRN
2644,BNGO
2645,BNIX
2646,BNMV
2647,BNOX
2648,BNTC
2649,BOCN
2650,BOF
2651,BOKF
2652,BOLT
2653,BOOM
2654,BOTJ
2655,BOWN
2656,BOWNR
2657,BOWNU
2658,BOXL
2659,BPMC
2660,BPOP
2661,BPOPM
2662,BPRN
2663,BPTH
2664,BREZ
2665,BREZR
2666,BREZW
2667,BRFH
2668,BRID
2669,BRKH
2670,BRKHU
2671,BRKHW
2672,BRKL
2673,BRKR
2674,BRLT
2675,BRTX
2676,BRY
2677,BRZE
2678,BSBK
2679,BSET
2680,BSFC
2681,BSGM
2682,BSQR
2683,BSRR
2684,BSVN
2685,BSY
2686,BTAI
2687,BTBD
2688,BTBT
2689,BTCS
2690,BTCY
2691,BTM
2692,BTMD
2693,BTMWW
2694,BTOG
2695,BTTX
2696,BUSE
2697,BVFL
2698,BVS
2699,BWAQ
2700,BWAQU
2701,BWAQW
2702,BWB
2703,BWBBP
2704,BWEN
2705,BWFG
2706,BWMN
2707,BWV
2708,BXRX
2709,BYFC
2710,BYND
2711,BYRN
2712,BYSI
2713,BYTS
2714,BZFD
2715,BZFDW
2716,CABA
2717,CAC
2718,CACC
2719,CADL
2720,CAKE
2721,CALB
2722,CALC
2723,CALM
2724,CAMP
2725,CANB
2726,CAPR
2727,CAR
2728,CARA
2729,CARE
2730,CARG
2731,CARM
2732,CARV
2733,CASA
2734,CASH
2735,CASI
2736,CASS
2737,CASY
2738,CATC
2739,CATY
2740,CBAN
2741,CBAY
2742,CBFV
2743,CBIO
2744,CBNK
2745,CBRG
2746,CBRL
2747,CBSH
2748,CBUS
2749,CCAP
2750,CCB
2751,CCBG
2752,CCCC
2753,CCCS
2754,CCD
2755,CCLD
2756,CCLDO
2757,CCLDP
2758,CCLP
2759,CCNE
2760,CCNEP
2761,CCOI
2762,CCRN
2763,CCSI
2764,CCTS
2765,CCTSU
2766,CCTSW
2767,CDAQ
2768,CDAQW
2769,CDIO
2770,CDIOW
2771,CDLX
2772,CDMO
2773,CDNA
2774,CDNS
2775,CDTX
2776,CDW
2777,CDXC
2778,CDXS
2779,CDZI
2780,CDZIP
2781,CEAD
2782,CEADW
2783,CECO
2784,CEG
2785,CELC
2786,CELH
2787,CELL
2788,CELU
2789,CELUW
2790,CELZ
2791,CENT
2792,CENTA
2793,CENX
2794,CERE
2795,CERS
2796,CERT
2797,CETX
2798,CETXP
2799,CETY
2800,CEVA
2801,CFB
2802,CFBK
2803,CFFE
2804,CFFEU
2805,CFFEW
2806,CFFI
2807,CFFN
2808,CFFS
2809,CFFSU
2810,CFFSW
2811,CFIV
2812,CFIVU
2813,CFIVW
2814,CFLT
2815,CFRX
2816,CFSB
2817,CG
2818,CGABL
2819,CGBD
2820,CGEM
2821,CGNX
2822,CGO
2823,CGRN
2824,CGTX
2825,CHCI
2826,CHCO
2827,CHDN
2828,CHEF
2829,CHI
2830,CHK
2831,CHKEL
2832,CHKEW
2833,CHKEZ
2834,CHMG
2835,CHRD
2836,CHRS
2837,CHRW
2838,CHSCL
2839,CHSCM
2840,CHSCN
2841,CHSCO
2842,CHSCP
2843,CHTR
2844,CHUY
2845,CHW
2846,CHX
2847,CHY
2848,CIFR
2849,CIFRW
2850,CINF
2851,CING
2852,CINGW
2853,CISO
2854,CITE
2855,CITEW
2856,CIVB
2857,CIZN
2858,CKPT
2859,CLAR
2860,CLAY
2861,CLAYU
2862,CLBK
2863,CLDX
2864,CLFD
2865,CLIN
2866,CLINR
2867,CLINU
2868,CLIR
2869,CLMB
2870,CLMT
2871,CLNE
2872,CLNN
2873,CLNNW
2874,CLOE
2875,CLOER
2876,CLOV
2877,CLPT
2878,CLRB
2879,CLRO
2880,CLSD
2881,CLSK
2882,CLST
2883,CMAX
2884,CMCA
2885,CMCAU
2886,CMCAW
2887,CMCO
2888,CMCSA
2889,CMCT
2890,CME
2891,CMLS
2892,CMPO
2893,CMPOW
2894,CMPX
2895,CMRA
2896,CMRX
2897,CMTL
2898,CNDT
2899,CNFR
2900,CNFRL
2901,CNFRZ
2902,CNGL
2903,CNGLU
2904,CNGLW
2905,CNOB
2906,CNOBP
2907,CNSL
2908,CNSP
2909,CNTX
2910,CNTY
2911,CNVS
2912,CNXA
2913,CNXC
2914,CNXN
2915,COCO
2916,COCP
2917,CODA
2918,CODX
2919,COEP
2920,COEPW
2921,COFS
2922,COGT
2923,COHU
2924,COIN
2925,COKE
2926,COLB
2927,COLL
2928,COLM
2929,COMM
2930,COMS
2931,COMSP
2932,COMSW
2933,CONN
2934,CONX
2935,CONXU
2936,CONXW
2937,COOL
2938,COOLW
2939,COOP
2940,CORT
2941,COSM
2942,COST
2943,COYA
2944,CPHC
2945,CPIX
2946,CPRT
2947,CPRX
2948,CPSH
2949,CPSI
2950,CPSS
2951,CPTN
2952,CPTNW
2953,CPZ
2954,CRAI
2955,CRBP
2956,CRBU
2957,CRCT
2958,CRDF
2959,CRDO
2960,CREX
2961,CREXW
2962,CRGE
2963,CRIS
2964,CRKN
2965,CRMD
2966,CRMT
2967,CRNC
2968,CRNX
2969,CROX
2970,CRSR
2971,CRUS
2972,CRVL
2973,CRVO
2974,CRVS
2975,CRWD
2976,CRWS
2977,CSBR
2978,CSCO
2979,CSGP
2980,CSGS
2981,CSLM
2982,CSLMU
2983,CSLMW
2984,CSLR
2985,CSLRW
2986,CSPI
2987,CSQ
2988,CSSE
2989,CSSEL
2990,CSSEN
2991,CSSEP
2992,CSTL
2993,CSTR
2994,CSWC
2995,CSWCZ
2996,CSWI
2997,CSX
2998,CTAS
2999,CTBI
3000,CTCX
3001,CTCXW
3002,CTG
3003,CTHR
3004,CTIB
3005,CTKB
3006,CTLP
3007,CTMX
3008,CTNT
3009,CTRN
3010,CTSH
3011,CTSO
3012,CTXR
3013,CUBA
3014,CUE
3015,CUEN
3016,CULL
3017,CURI
3018,CURIW
3019,CUTR
3020,CVBF
3021,CVCO
3022,CVCY
3023,CVGI
3024,CVGW
3025,CVKD
3026,CVLG
3027,CVLT
3028,CVLY
3029,CVRX
3030,CVV
3031,CWBC
3032,CWBR
3033,CWD
3034,CWST
3035,CXAI
3036,CXAIW
3037,CXDO
3038,CYAN
3039,CYCC
3040,CYCCP
3041,CYCN
3042,CYN
3043,CYRX
3044,CYT
3045,CYTH
3046,CYTHW
3047,CYTK
3048,CZFS
3049,CZNC
3050,CZR
3051,CZWI
3052,DAIO
3053,DAKT
3054,DALN
3055,DARE
3056,DATS
3057,DATSW
3058,DAVE
3059,DAVEW
3060,DAWN
3061,DBGI
3062,DBGIW
3063,DBTX
3064,DBX
3065,DCGO
3066,DCOM
3067,DCOMP
3068,DCPH
3069,DCTH
3070,DDOG
3071,DECA
3072,DECAU
3073,DECAW
3074,DENN
3075,DERM
3076,DFLI
3077,DFLIW
3078,DGICA
3079,DGICB
3080,DGII
3081,DGLY
3082,DH
3083,DHAC
3084,DHACU
3085,DHACW
3086,DHC
3087,DHCA
3088,DHCAU
3089,DHCAW
3090,DHCNI
3091,DHCNL
3092,DHIL
3093,DIBS
3094,DIOD
3095,DISAU
3096,DISAW
3097,DISH
3098,DJCO
3099,DKNG
3100,DLHC
3101,DLPN
3102,DLTH
3103,DLTR
3104,DMAC
3105,DMAQ
3106,DMAQR
3107,DMK
3108,DMLP
3109,DMRC
3110,DMTK
3111,DNLI
3112,DNUT
3113,DOCU
3114,DOMH
3115,DOMO
3116,DORM
3117,DPCS
3118,DRCT
3119,DRCTW
3120,DRMA
3121,DRMAW
3122,DRRX
3123,DRVN
3124,DSGN
3125,DSGR
3126,DSKE
3127,DSP
3128,DTI
3129,DTIL
3130,DTOC
3131,DTOCU
3132,DTOCW
3133,DTST
3134,DTSTW
3135,DUNE
3136,DUNEU
3137,DUNEW
3138,DUOL
3139,DUOT
3140,DVAX
3141,DWAC
3142,DWACU
3143,DWACW
3144,DWSN
3145,DXCM
3146,DXLG
3147,DXPE
3148,DXR
3149,DXYN
3150,DYAI
3151,DYN
3152,DYNT
3153,DZSI
3154,EA
3155,EAC
3156,EAR
3157,EAST
3158,EBAY
3159,EBC
3160,EBET
3161,EBIX
3162,EBMT
3163,EBTC
3164,ECBK
3165,ECOR
3166,ECPG
3167,EDBL
3168,EDBLW
3169,EDIT
3170,EDSA
3171,EDUC
3172,EEFT
3173,EEIQ
3174,EFHT
3175,EFHTR
3176,EFHTW
3177,EFOI
3178,EFSC
3179,EFSCP
3180,EFTR
3181,EFTRW
3182,EGAN
3183,EGBN
3184,EGHT
3185,EGIO
3186,EGRX
3187,EHTH
3188,EIGR
3189,EKSO
3190,ELDN
3191,ELEV
3192,ELOX
3193,ELSE
3194,ELTX
3195,ELUT
3196,ELVN
3197,ELYM
3198,ELYS
3199,EMBC
3200,EMCG
3201,EMCGR
3202,EMCGU
3203,EMKR
3204,EML
3205,EMLD
3206,EMLDW
3207,ENER
3208,ENERR
3209,ENERU
3210,ENG
3211,ENPH
3212,ENSC
3213,ENSG
3214,ENTA
3215,ENTG
3216,ENVB
3217,ENVX
3218,EOLS
3219,EOSE
3220,EOSEW
3221,EPSN
3222,EQ
3223,EQIX
3224,EQRX
3225,EQRXW
3226,ERAS
3227,ERIE
3228,ERII
3229,ERNA
3230,ESAC
3231,ESACU
3232,ESCA
3233,ESHA
3234,ESHAR
3235,ESOA
3236,ESPR
3237,ESQ
3238,ESSA
3239,ETAO
3240,ETNB
3241,ETON
3242,ETSY
3243,EVBG
3244,EVCM
3245,EVER
3246,EVGO
3247,EVGOW
3248,EVLO
3249,EVLV
3250,EVLVW
3251,EVOK
3252,EVRG
3253,EVTV
3254,EWBC
3255,EWCZ
3256,EWTX
3257,EXAS
3258,EXC
3259,EXEL
3260,EXFY
3261,EXLS
3262,EXPD
3263,EXPE
3264,EXPI
3265,EXPO
3266,EXTR
3267,EYE
3268,EYEN
3269,EYPT
3270,EZFL
3271,EZPW
3272,FA
3273,FANG
3274,FARM
3275,FARO
3276,FAST
3277,FAT
3278,FATBB
3279,FATBP
3280,FATBW
3281,FATE
3282,FAZE
3283,FAZEW
3284,FBIO
3285,FBIOP
3286,FBIZ
3287,FBMS
3288,FBNC
3289,FBRX
3290,FCAP
3291,FCBC
3292,FCCO
3293,FCEL
3294,FCFS
3295,FCNCA
3296,FCNCO
3297,FCNCP
3298,FCUV
3299,FDBC
3300,FDMT
3301,FDUS
3302,FEAM
3303,FEIM
3304,FELE
3305,FEMY
3306,FENC
3307,FEXD
3308,FEXDR
3309,FEXDU
3310,FEXDW
3311,FFBC
3312,FFIC
3313,FFIE
3314,FFIEW
3315,FFIN
3316,FFIV
3317,FFNW
3318,FGBI
3319,FGBIP
3320,FGEN
3321,FGF
3322,FGFPP
3323,FGI
3324,FGIWW
3325,FHB
3326,FHLTW
3327,FHTX
3328,FIAC
3329,FIACU
3330,FIACW
3331,FIBK
3332,FICVW
3333,FINW
3334,FIP
3335,FISI
3336,FITB
3337,FITBI
3338,FITBO
3339,FITBP
3340,FIVE
3341,FIVN
3342,FIXX
3343,FIZZ
3344,FKWL
3345,FLFV
3346,FLFVU
3347,FLGT
3348,FLIC
3349,FLL
3350,FLNC
3351,FLNT
3352,FLUX
3353,FLWS
3354,FLXS
3355,FLYW
3356,FMAO
3357,FMBH
3358,FMNB
3359,FNCB
3360,FNCH
3361,FNGR
3362,FNKO
3363,FNLC
3364,FNWB
3365,FNWD
3366,FOLD
3367,FONR
3368,FORA
3369,FORD
3370,FORL
3371,FORLU
3372,FORLW
3373,FORM
3374,FORR
3375,FOSL
3376,FOSLL
3377,FOX
3378,FOXA
3379,FOXF
3380,FPAY
3381,FRAF
3382,FRBA
3383,FRBN
3384,FRBNU
3385,FREE
3386,FREEW
3387,FREQ
3388,FRGI
3389,FRGT
3390,FRLA
3391,FRLAW
3392,FRME
3393,FRMEP
3394,FROG
3395,FRPH
3396,FRPT
3397,FRSH
3398,FRST
3399,FRTX
3400,FRZA
3401,FSBC
3402,FSBW
3403,FSEA
3404,FSFG
3405,FSLR
3406,FSRX
3407,FSRXU
3408,FSTR
3409,FTAI
3410,FTAIM
3411,FTAIN
3412,FTAIO
3413,FTAIP
3414,FTCI
3415,FTDR
3416,FTEK
3417,FTHM
3418,FTII
3419,FTIIU
3420,FTIIW
3421,FTNT
3422,FTRE
3423,FULC
3424,FULT
3425,FULTP
3426,FUNC
3427,FUND
3428,FUSB
3429,FUV
3430,FVCB
3431,FWBI
3432,FWONA
3433,FWONK
3434,FWRD
3435,FWRG
3436,FXNC
3437,FYBR
3438,GABC
3439,GAIA
3440,GAIN
3441,GAINL
3442,GAINN
3443,GAINZ
3444,GALT
3445,GAMC
3446,GAMCW
3447,GANX
3448,GBBK
3449,GBBKR
3450,GBDC
3451,GBIO
3452,GBNY
3453,GCBC
3454,GCMG
3455,GCMGW
3456,GDEN
3457,GDNR
3458,GDNRU
3459,GDNRW
3460,GDRX
3461,GDST
3462,GDSTR
3463,GDSTU
3464,GDYN
3465,GECC
3466,GECCM
3467,GECCO
3468,GECCZ
3469,GEG
3470,GEGGL
3471,GEHC
3472,GEN
3473,GENK
3474,GEOS
3475,GERN
3476,GEVO
3477,GFGD
3478,GFGDR
3479,GFGDU
3480,GFGDW
3481,GFS
3482,GH
3483,GHIX
3484,GHIXU
3485,GHIXW
3486,GHSI
3487,GIFI
3488,GIII
3489,GILD
3490,GIPR
3491,GIPRW
3492,GLAD
3493,GLADZ
3494,GLBZ
3495,GLDD
3496,GLLI
3497,GLLIU
3498,GLLIW
3499,GLPI
3500,GLSI
3501,GLST
3502,GLSTU
3503,GLSTW
3504,GLUE
3505,GLYC
3506,GMFI
3507,GMFIW
3508,GMGI
3509,GNLN
3510,GNLX
3511,GNPX
3512,GNSS
3513,GNTX
3514,GO
3515,GOCO
3516,GODN
3517,GODNR
3518,GOEV
3519,GOEVW
3520,GOGO
3521,GOOD
3522,GOODN
3523,GOODO
3524,GOOG
3525,GOOGL
3526,GOSS
3527,GOVX
3528,GOVXW
3529,GPAC
3530,GPACW
3531,GPCR
3532,GPP
3533,GPRE
3534,GPRO
3535,GREE
3536,GREEL
3537,GRI
3538,GROM
3539,GROMW
3540,GROW
3541,GRPH
3542,GRPN
3543,GRTS
3544,GRTX
3545,GRWG
3546,GSBC
3547,GSD
3548,GSDWU
3549,GSDWW
3550,GSHD
3551,GSIT
3552,GT
3553,GTAC
3554,GTACU
3555,GTBP
3556,GTHX
3557,GTIM
3558,GTLB
3559,GVP
3560,GWAV
3561,GWRS
3562,GYRO
3563,HA
3564,HAFC
3565,HAIN
3566,HALL
3567,HALO
3568,HARP
3569,HAS
3570,HAYN
3571,HBAN
3572,HBANL
3573,HBANM
3574,HBANP
3575,HBCP
3576,HBIO
3577,HBNC
3578,HBT
3579,HCAT
3580,HCCI
3581,HCDI
3582,HCDIP
3583,HCDIW
3584,HCDIZ
3585,HCKT
3586,HCMAU
3587,HCMAW
3588,HCP
3589,HCSG
3590,HCTI
3591,HCVI
3592,HCVIU
3593,HCVIW
3594,HCWB
3595,HDSN
3596,HEAR
3597,HEES
3598,HEPA
3599,HFBL
3600,HFFG
3601,HFWA
3602,HGBL
3603,HHS
3604,HIBB
3605,HIFS
3606,HILS
3607,HLIT
3608,HLMN
3609,HLNE
3610,HLTH
3611,HLVX
3612,HMNF
3613,HMST
3614,HNNA
3615,HNNAZ
3616,HNRG
3617,HNST
3618,HNVR
3619,HOFT
3620,HOFV
3621,HOFVW
3622,HOLO
3623,HOLOW
3624,HOLX
3625,HON
3626,HONE
3627,HOOD
3628,HOOK
3629,HOPE
3630,HOTH
3631,HOUR
3632,HOVNP
3633,HOWL
3634,HPCO
3635,HPK
3636,HPKEW
3637,HPLT
3638,HPLTU
3639,HPLTW
3640,HQI
3641,HQY
3642,HRMY
3643,HROW
3644,HROWL
3645,HROWM
3646,HRTX
3647,HRZN
3648,HSCS
3649,HSCSW
3650,HSDT
3651,HSIC
3652,HSII
3653,HSON
3654,HSPO
3655,HSPOR
3656,HSPOU
3657,HSPOW
3658,HST
3659,HSTM
3660,HSTO
3661,HTBI
3662,HTBK
3663,HTIA
3664,HTIBP
3665,HTLD
3666,HTLF
3667,HTLFP
3668,HTZ
3669,HTZWW
3670,HUBG
3671,HUDA
3672,HUDAR
3673,HUDAU
3674,HUMA
3675,HUMAW
3676,HURC
3677,HURN
3678,HWBK
3679,HWC
3680,HWCPZ
3681,HWEL
3682,HWELU
3683,HWKN
3684,HYFM
3685,HYMC
3686,HYMCL
3687,HYMCW
3688,HYPR
3689,HYZN
3690,HYZNW
3691,IAC
3692,IART
3693,IAS
3694,IBCP
3695,IBKR
3696,IBOC
3697,IBRX
3698,IBTX
3699,ICAD
3700,ICCC
3701,ICCH
3702,ICCT
3703,ICFI
3704,ICHR
3705,ICMB
3706,ICPT
3707,ICU
3708,ICUCW
3709,ICUI
3710,ICVX
3711,IDAI
3712,IDCC
3713,IDEX
3714,IDN
3715,IDXX
3716,IDYA
3717,IEP
3718,IESC
3719,IGMS
3720,IGTA
3721,IGTAU
3722,IGTAW
3723,IHRT
3724,III
3725,IIIV
3726,IKNA
3727,IKT
3728,ILMN
3729,ILPT
3730,IMACW
3731,IMAQ
3732,IMAQW
3733,IMGN
3734,IMKTA
3735,IMMR
3736,IMMX
3737,IMNM
3738,IMNN
3739,IMPL
3740,IMRX
3741,IMUX
3742,IMVT
3743,IMXI
3744,INAB
3745,INAQ
3746,INAQU
3747,INAQW
3748,INBK
3749,INBKZ
3750,INBS
3751,INBX
3752,INCY
3753,INDB
3754,INDI
3755,INDIW
3756,INDP
3757,INFI
3758,INFN
3759,INGN
3760,INKT
3761,INMB
3762,INNV
3763,INO
3764,INOD
3765,INPX
3766,INSE
3767,INSG
3768,INSM
3769,INTA
3770,INTC
3771,INTE
3772,INTEU
3773,INTEW
3774,INTG
3775,INTS
3776,INTU
3777,INTZ
3778,INVA
3779,INVE
3780,INVO
3781,INZY
3782,IOAC
3783,IOACU
3784,IOACW
3785,IONM
3786,IONS
3787,IOSP
3788,IOVA
3789,IPAR
3790,IPDN
3791,IPGP
3792,IPSC
3793,IPW
3794,IPWR
3795,IPX
3796,IPXX
3797,IPXXU
3798,IRAA
3799,IRAAW
3800,IRBT
3801,IRDM
3802,IRIX
3803,IRMD
3804,IRON
3805,IROQ
3806,IRTC
3807,IRWD
3808,ISPC
3809,ISPO
3810,ISPOW
3811,ISPR
3812,ISRG
3813,ISRL
3814,ISRLW
3815,ISSC
3816,ISTR
3817,ISUN
3818,ITAQ
3819,ITAQU
3820,ITAQW
3821,ITCI
3822,ITI
3823,ITIC
3824,ITOS
3825,ITRI
3826,IVAC
3827,IVCP
3828,IVDA
3829,IVDAW
3830,IVP
3831,IVVD
3832,IZEA
3833,JACK
3834,JAGX
3835,JAKK
3836,JAMF
3837,JAN
3838,JANX
3839,JAQC
3840,JAQCU
3841,JBHT
3842,JBLU
3843,JBSS
3844,JCTCF
3845,JEWL
3846,JGGC
3847,JGGCR
3848,JGGCU
3849,JGGCW
3850,JJSF
3851,JKHY
3852,JMSB
3853,JNVR
3854,JOAN
3855,JOUT
3856,JRSH
3857,JSM
3858,JSPR
3859,JSPRW
3860,JUPW
3861,JUPWW
3862,JVA
3863,JYNT
3864,KA
3865,KALA
3866,KALU
3867,KAVL
3868,KBNT
3869,KDP
3870,KE
3871,KELYA
3872,KELYB
3873,KEQU
3874,KERN
3875,KERNW
3876,KFFB
3877,KFRC
3878,KHC
3879,KIDS
3880,KINS
3881,KIRK
3882,KITT
3883,KLAC
3884,KLTR
3885,KLXE
3886,KNSA
3887,KNTE
3888,KOD
3889,KOPN
3890,KOSS
3891,KPLT
3892,KPLTW
3893,KPRX
3894,KPTI
3895,KRBP
3896,KRMD
3897,KRNL
3898,KRNLU
3899,KRNLW
3900,KRNY
3901,KRON
3902,KROS
3903,KRT
3904,KRTX
3905,KRUS
3906,KRYS
3907,KSCP
3908,KTCC
3909,KTOS
3910,KTRA
3911,KTTA
3912,KTTAW
3913,KURA
3914,KVACU
3915,KVHI
3916,KVSA
3917,KYCH
3918,KYCHW
3919,KYMR
3920,KZR
3921,LAB
3922,LABP
3923,LAKE
3924,LAMR
3925,LANC
3926,LAND
3927,LANDM
3928,LANDO
3929,LANDP
3930,LARK
3931,LASE
3932,LASR
3933,LAUR
3934,LAZR
3935,LAZY
3936,LBAI
3937,LBBB
3938,LBBBU
3939,LBBBW
3940,LBC
3941,LBPH
3942,LBRDA
3943,LBRDK
3944,LBRDP
3945,LCA
3946,LCAHU
3947,LCAHW
3948,LCID
3949,LCNB
3950,LCUT
3951,LDWY
3952,LE
3953,LECO
3954,LEE
3955,LEGH
3956,LEGN
3957,LESL
3958,LFAC
3959,LFACU
3960,LFACW
3961,LFCR
3962,LFLY
3963,LFLYW
3964,LFMD
3965,LFMDP
3966,LFST
3967,LFUS
3968,LFVN
3969,LGIH
3970,LGMK
3971,LGND
3972,LGSTU
3973,LGSTW
3974,LGVC
3975,LGVN
3976,LGVNR
3977,LIAN
3978,LIBY
3979,LIBYW
3980,LIDR
3981,LIDRW
3982,LIFE
3983,LIFW
3984,LIFWW
3985,LIFWZ
3986,LILA
3987,LILAK
3988,LINC
3989,LIND
3990,LINK
3991,LIPO
3992,LITE
3993,LIVE
3994,LIXT
3995,LIXTW
3996,LKFN
3997,LKQ
3998,LLYVA
3999,LLYVK
4000,LMAT
4001,LMB
4002,LMFA
4003,LMNR
4004,LNKB
4005,LNSR
4006,LNT
4007,LNTH
4008,LNW
4009,LNZA
4010,LNZAW
4011,LOAN
4012,LOCO
4013,LOGI
4014,LOPE
4015,LOVE
4016,LPCN
4017,LPLA
4018,LPRO
4019,LPSN
4020,LPTH
4021,LPTX
4022,LQDA
4023,LQDT
4024,LQR
4025,LRCX
4026,LRFC
4027,LRMR
4028,LSBK
4029,LSCC
4030,LSEA
4031,LSEAW
4032,LSTA
4033,LSTR
4034,LSXMA
4035,LSXMB
4036,LSXMK
4037,LTBR
4038,LTRN
4039,LTRPA
4040,LTRPB
4041,LTRX
4042,LTRY
4043,LTRYW
4044,LUCD
4045,LUCY
4046,LUCYW
4047,LUMO
4048,LUNA
4049,LUNG
4050,LUNR
4051,LUNRW
4052,LUXH
4053,LVLU
4054,LVO
4055,LVOX
4056,LWAY
4057,LWLG
4058,LXRX
4059,LYEL
4060,LYFT
4061,LYRA
4062,LYTS
4063,LZ
4064,MACA
4065,MACAU
4066,MACK
4067,MAMA
4068,MANH
4069,MAPS
4070,MAPSW
4071,MAQC
4072,MAQCU
4073,MAQCW
4074,MAR
4075,MARA
4076,MARK
4077,MARPS
4078,MARX
4079,MARXR
4080,MARXU
4081,MASI
4082,MASS
4083,MAT
4084,MATW
4085,MAYS
4086,MBCN
4087,MBIN
4088,MBINM
4089,MBINN
4090,MBINO
4091,MBINP
4092,MBIO
4093,MBNKP
4094,MBRX
4095,MBTC
4096,MBTCU
4097,MBUU
4098,MBWM
4099,MCAA
4100,MCAAW
4101,MCAC
4102,MCACR
4103,MCACU
4104,MCACW
4105,MCAF
4106,MCAFR
4107,MCAG
4108,MCAGR
4109,MCAGU
4110,MCBC
4111,MCBS
4112,MCFT
4113,MCHP
4114,MCHX
4115,MCOM
4116,MCOMW
4117,MCRB
4118,MCRI
4119,MCVT
4120,MDB
4121,MDGL
4122,MDIA
4123,MDLZ
4124,MDRR
4125,MDRRP
4126,MDRX
4127,MDVL
4128,MDWT
4129,MDXG
4130,ME
4131,MEDP
4132,MEDS
4133,MEIP
4134,MESA
4135,META
4136,METC
4137,METCB
4138,METCL
4139,MFIC
4140,MFIN
4141,MGAM
4142,MGEE
4143,MGNI
4144,MGNX
4145,MGOL
4146,MGPI
4147,MGRC
4148,MGRM
4149,MGRX
4150,MGTA
4151,MGTX
4152,MGYR
4153,MICS
4154,MIDD
4155,MIND
4156,MINDP
4157,MINM
4158,MIRA
4159,MIRM
4160,MIRO
4161,MITA
4162,MITAU
4163,MITK
4164,MKSI
4165,MKTW
4166,MKTX
4167,MKUL
4168,MLAB
4169,MLGO
4170,MLKN
4171,MLTX
4172,MLYS
4173,MMAT
4174,MMLP
4175,MMSI
4176,MNKD
4177,MNOV
4178,MNPR
4179,MNRO
4180,MNSB
4181,MNSBP
4182,MNST
4183,MNTK
4184,MNTS
4185,MNTSW
4186,MNTX
4187,MOBQ
4188,MOBQW
4189,MOBV
4190,MOBVU
4191,MODD
4192,MODV
4193,MOFG
4194,MOND
4195,MORF
4196,MORN
4197,MOVE
4198,MPAA
4199,MPB
4200,MPRA
4201,MPRAW
4202,MPWR
4203,MQ
4204,MRAI
4205,MRAM
4206,MRBK
4207,MRCC
4208,MRCY
4209,MRIN
4210,MRKR
4211,MRNA
4212,MRNS
4213,MRSN
4214,MRTN
4215,MRTX
4216,MRVI
4217,MRVL
4218,MSBI
4219,MSBIP
4220,MSEX
4221,MSFT
4222,MSGM
4223,MSSA
4224,MSSAU
4225,MSTR
4226,MTCH
4227,MTEM
4228,MTEX
4229,MTRX
4230,MTRYU
4231,MTRYW
4232,MTSI
4233,MTTR
4234,MU
4235,MULN
4236,MURF
4237,MURFW
4238,MVBF
4239,MVIS
4240,MVLA
4241,MVST
4242,MVSTW
4243,MXCT
4244,MXL
4245,MYFW
4246,MYGN
4247,MYMD
4248,MYPS
4249,MYPSW
4250,MYRG
4251,NAII
4252,NAOV
4253,NARI
4254,NATH
4255,NATI
4256,NATR
4257,NAUT
4258,NAVI
4259,NB
4260,NBIX
4261,NBN
4262,NBSE
4263,NBST
4264,NBSTU
4265,NBTB
4266,NCAC
4267,NCACU
4268,NCMI
4269,NCNO
4270,NCPL
4271,NCPLW
4272,NCSM
4273,NDAQ
4274,NDLS
4275,NDRA
4276,NDSN
4277,NECB
4278,NEO
4279,NEOG
4280,NEOV
4281,NEOVW
4282,NEPH
4283,NERV
4284,NETD
4285,NETDU
4286,NETDW
4287,NEWT
4288,NEWTI
4289,NEWTL
4290,NEWTZ
4291,NEXI
4292,NEXT
4293,NFBK
4294,NFE
4295,NFLX
4296,NFTG
4297,NGM
4298,NHTC
4299,NICK
4300,NIOBW
4301,NIR
4302,NKLA
4303,NKSH
4304,NKTR
4305,NKTX
4306,NMFC
4307,NMIH
4308,NMRK
4309,NMTC
4310,NN
4311,NNAGU
4312,NNAVW
4313,NNBR
4314,NODK
4315,NOGN
4316,NOGNW
4317,NOTV
4318,NOVT
4319,NPCE
4320,NRAC
4321,NRACU
4322,NRACW
4323,NRBO
4324,NRC
4325,NRDS
4326,NRIM
4327,NRIX
4328,NRXP
4329,NRXPW
4330,NSIT
4331,NSSC
4332,NSTG
4333,NSTS
4334,NSYS
4335,NTAP
4336,NTCT
4337,NTGR
4338,NTIC
4339,NTLA
4340,NTNX
4341,NTRA
4342,NTRB
4343,NTRBW
4344,NTRS
4345,NTRSO
4346,NTWK
4347,NUBI
4348,NUBIW
4349,NURO
4350,NUTX
4351,NUVL
4352,NUWE
4353,NUZE
4354,NVAC
4355,NVACR
4356,NVACW
4357,NVAX
4358,NVCT
4359,NVDA
4360,NVEC
4361,NVEE
4362,NVFY
4363,NVIV
4364,NVNO
4365,NVOS
4366,NVTS
4367,NWBI
4368,NWE
4369,NWFL
4370,NWL
4371,NWLI
4372,NWPX
4373,NWS
4374,NWSA
4375,NXGL
4376,NXGN
4377,NXL
4378,NXLIW
4379,NXPL
4380,NXPLW
4381,NXST
4382,NXT
4383,NXTC
4384,NXTP
4385,NXU
4386,NYMT
4387,NYMTL
4388,NYMTM
4389,NYMTN
4390,NYMTZ
4391,OABI
4392,OABIW
4393,OB
4394,OBIO
4395,OBLG
4396,OBT
4397,OCAX
4398,OCAXU
4399,OCAXW
4400,OCC
4401,OCCI
4402,OCCIN
4403,OCCIO
4404,OCEA
4405,OCEAW
4406,OCFC
4407,OCFCP
4408,OCGN
4409,OCSL
4410,OCTO
4411,OCUL
4412,OCUP
4413,OCX
4414,ODFL
4415,ODP
4416,OESX
4417,OFLX
4418,OFS
4419,OHAA
4420,OHAAW
4421,OKTA
4422,OLB
4423,OLED
4424,OLIT
4425,OLITW
4426,OLLI
4427,OLMA
4428,OLPX
4429,OM
4430,OMCL
4431,OMER
4432,OMEX
4433,OMGA
4434,OMIC
4435,OMQS
4436,ON
4437,ONB
4438,ONBPO
4439,ONBPP
4440,ONCT
4441,ONDS
4442,ONEW
4443,ONFO
4444,ONFOW
4445,ONTX
4446,ONVO
4447,ONYX
4448,OPAL
4449,OPBK
4450,OPCH
4451,OPEN
4452,OPGN
4453,OPHC
4454,OPI
4455,OPINL
4456,OPK
4457,OPOF
4458,OPRT
4459,OPRX
4460,OPTN
4461,OPXS
4462,ORGN
4463,ORGNW
4464,ORGO
4465,ORGS
4466,ORIC
4467,ORLY
4468,ORRF
4469,OSA
4470,OSAAW
4471,OSBC
4472,OSIS
4473,OSPN
4474,OSS
4475,OSTK
4476,OSUR
4477,OTEC
4478,OTECU
4479,OTLK
4480,OTRK
4481,OTRKP
4482,OTTR
4483,OVBC
4484,OVID
4485,OVLY
4486,OXLC
4487,OXLCL
4488,OXLCM
4489,OXLCN
4490,OXLCO
4491,OXLCP
4492,OXLCZ
4493,OXSQ
4494,OXSQL
4495,OXSQZ
4496,OZK
4497,OZKAP
4498,PAA
4499,PACB
4500,PACW
4501,PACWP
4502,PAGP
4503,PAHC
4504,PALI
4505,PALT
4506,PANL
4507,PANW
4508,PARA
4509,PARAA
4510,PARAP
4511,PASG
4512,PATI
4513,PATK
4514,PAVM
4515,PAVMZ
4516,PAYO
4517,PAYOW
4518,PAYS
4519,PAYX
4520,PBAX
4521,PBAXU
4522,PBAXW
4523,PBBK
4524,PBFS
4525,PBHC
4526,PBLA
4527,PBPB
4528,PBYI
4529,PCAR
4530,PCB
4531,PCCT
4532,PCCTU
4533,PCH
4534,PCRX
4535,PCSA
4536,PCT
4537,PCTI
4538,PCTTU
4539,PCTTW
4540,PCTY
4541,PCVX
4542,PCYG
4543,PCYO
4544,PDCO
4545,PDEX
4546,PDFS
4547,PDLB
4548,PDSB
4549,PEBK
4550,PEBO
4551,PECO
4552,PEGA
4553,PEGR
4554,PEGY
4555,PENN
4556,PEP
4557,PEPG
4558,PEPL
4559,PEPLU
4560,PESI
4561,PET
4562,PETQ
4563,PETS
4564,PETV
4565,PETVW
4566,PETWW
4567,PEV
4568,PFBC
4569,PFC
4570,PFG
4571,PFIE
4572,PFIN
4573,PFIS
4574,PFMT
4575,PFSW
4576,PFTA
4577,PFTAW
4578,PFX
4579,PFXNZ
4580,PGC
4581,PGEN
4582,PGNY
4583,PHAT
4584,PHIO
4585,PI
4586,PIII
4587,PIIIW
4588,PIK
4589,PINC
4590,PIXY
4591,PKBK
4592,PKOH
4593,PLAB
4594,PLAY
4595,PLBC
4596,PLBY
4597,PLCE
4598,PLL
4599,PLMI
4600,PLMIU
4601,PLMIW
4602,PLMR
4603,PLPC
4604,PLRX
4605,PLSE
4606,PLTN
4607,PLTNR
4608,PLTNW
4609,PLUG
4610,PLUS
4611,PLXS
4612,PMCB
4613,PMD
4614,PMGM
4615,PMGMU
4616,PMGMW
4617,PMTS
4618,PMVP
4619,PNBK
4620,PNFP
4621,PNFPP
4622,PNRG
4623,PNT
4624,PNTG
4625,POAI
4626,POCI
4627,PODC
4628,PODD
4629,POLA
4630,POOL
4631,POWI
4632,POWL
4633,POWW
4634,POWWP
4635,PPBI
4636,PPC
4637,PPIH
4638,PPSI
4639,PPYA
4640,PPYAU
4641,PPYAW
4642,PRAA
4643,PRAX
4644,PRCH
4645,PRCT
4646,PRDO
4647,PRFT
4648,PRGS
4649,PRLD
4650,PRLH
4651,PRLHW
4652,PRME
4653,PROK
4654,PROV
4655,PRPH
4656,PRPL
4657,PRPO
4658,PRSO
4659,PRSR
4660,PRSRU
4661,PRSRW
4662,PRST
4663,PRSTW
4664,PRTA
4665,PRTC
4666,PRTH
4667,PRTK
4668,PRTS
4669,PRVA
4670,PSEC
4671,PSMT
4672,PSNL
4673,PSTV
4674,PSTX
4675,PTC
4676,PTCT
4677,PTEN
4678,PTGX
4679,PTHR
4680,PTHRU
4681,PTHRW
4682,PTIX
4683,PTIXW
4684,PTLO
4685,PTMN
4686,PTON
4687,PTPI
4688,PTRS
4689,PTSI
4690,PTVE
4691,PTWO
4692,PTWOW
4693,PUBM
4694,PUCK
4695,PUCKU
4696,PUCKW
4697,PULM
4698,PVBC
4699,PWFL
4700,PWOD
4701,PWP
4702,PWUP
4703,PWUPU
4704,PWUPW
4705,PXLW
4706,PXMD
4707,PYCR
4708,PYPL
4709,PYXS
4710,PZZA
4711,QCOM
4712,QCRH
4713,QDEL
4714,QDRO
4715,QDROW
4716,QIPT
4717,QLGN
4718,QLYS
4719,QMCO
4720,QNCX
4721,QNST
4722,QOMO
4723,QQQX
4724,QRHC
4725,QRTEA
4726,QRTEB
4727,QRTEP
4728,QRVO
4729,QSI
4730,QSIAW
4731,QTRX
4732,QUBT
4733,QUIK
4734,RADI
4735,RAIL
4736,RAIN
4737,RAND
4738,RANI
4739,RAPT
4740,RARE
4741,RAVE
4742,RBB
4743,RBBN
4744,RBCAA
4745,RBKB
4746,RCAC
4747,RCACU
4748,RCACW
4749,RCAT
4750,RCEL
4751,RCKT
4752,RCKY
4753,RCLF
4754,RCLFU
4755,RCLFW
4756,RCM
4757,RCMT
4758,RCRT
4759,RCRTW
4760,RDFN
4761,RDI
4762,RDIB
4763,RDNT
4764,RDUS
4765,RDVT
4766,REAL
4767,REBN
4768,REFI
4769,REFR
4770,REG
4771,REGCO
4772,REGCP
4773,REGN
4774,REKR
4775,RELI
4776,RELL
4777,RELY
4778,RENB
4779,RENE
4780,RENEU
4781,RENEW
4782,RENT
4783,REPL
4784,RETA
4785,REVB
4786,REVBW
4787,REYN
4788,RFIL
4789,RGCO
4790,RGEN
4791,RGF
4792,RGLD
4793,RGLS
4794,RGNX
4795,RGP
4796,RGTI
4797,RGTIW
4798,RIBT
4799,RICK
4800,RIGL
4801,RILY
4802,RILYG
4803,RILYK
4804,RILYL
4805,RILYM
4806,RILYN
4807,RILYO
4808,RILYP
4809,RILYT
4810,RILYZ
4811,RIOT
4812,RIVN
4813,RKDA
4814,RKLB
4815,RLAY
4816,RLMD
4817,RLYB
4818,RMBI
4819,RMBL
4820,RMBS
4821,RMCF
4822,RMGC
4823,RMNI
4824,RMR
4825,RMTI
4826,RNA
4827,RNAZ
4828,RNST
4829,RNXT
4830,ROAD
4831,ROCK
4832,ROCL
4833,ROCLW
4834,ROIC
4835,ROKU
4836,ROOT
4837,ROP
4838,ROSE
4839,ROSEU
4840,ROSEW
4841,ROST
4842,ROVR
4843,RPAY
4844,RPD
4845,RPHM
4846,RPID
4847,RPRX
4848,RRBI
4849,RRGB
4850,RRR
4851,RSLS
4852,RSSS
4853,RSVR
4854,RSVRW
4855,RTL
4856,RTLPO
4857,RTLPP
4858,RUM
4859,RUMBW
4860,RUN
4861,RUSHA
4862,RUSHB
4863,RVLP
4864,RVMD
4865,RVNC
4866,RVPH
4867,RVPHW
4868,RVSB
4869,RVYL
4870,RWAY
4871,RWAYL
4872,RWAYZ
4873,RWOD
4874,RWODR
4875,RWODU
4876,RXRX
4877,RXST
4878,RXT
4879,RYTM
4880,RZLT
4881,SABR
4882,SABS
4883,SABSW
4884,SAFT
4885,SAGA
4886,SAGAR
4887,SAGE
4888,SAIA
4889,SALM
4890,SAMA
4891,SAMAW
4892,SAMG
4893,SANA
4894,SANM
4895,SANW
4896,SASI
4897,SASR
4898,SATS
4899,SAVA
4900,SBAC
4901,SBCF
4902,SBFG
4903,SBGI
4904,SBRA
4905,SBSI
4906,SBT
4907,SBUX
4908,SCHL
4909,SCKT
4910,SCLX
4911,SCLXW
4912,SCOR
4913,SCPH
4914,SCPL
4915,SCRM
4916,SCRMU
4917,SCSC
4918,SCTL
4919,SCVL
4920,SCWO
4921,SCWX
4922,SCYX
4923,SDC
4924,SDGR
4925,SDIG
4926,SDOT
4927,SEAT
4928,SEATW
4929,SEEL
4930,SEER
4931,SEIC
4932,SELB
4933,SELF
4934,SENEA
4935,SENEB
4936,SEPA
4937,SEPAU
4938,SEPAW
4939,SERA
4940,SEVN
4941,SFBC
4942,SFE
4943,SFIX
4944,SFM
4945,SFNC
4946,SFR
4947,SFRWW
4948,SFST
4949,SFT
4950,SGA
4951,SGBX
4952,SGC
4953,SGEN
4954,SGH
4955,SGHT
4956,SGII
4957,SGIIU
4958,SGIIW
4959,SGLY
4960,SGMA
4961,SGMO
4962,SGMT
4963,SGRP
4964,SGRY
4965,SHBI
4966,SHC
4967,SHCR
4968,SHCRW
4969,SHEN
4970,SHFS
4971,SHFSW
4972,SHLS
4973,SHOO
4974,SHPH
4975,SHPW
4976,SHPWW
4977,SHYF
4978,SIBN
4979,SIDU
4980,SIEB
4981,SIEN
4982,SIGA
4983,SIGI
4984,SIGIP
4985,SILK
4986,SILO
4987,SINT
4988,SIRI
4989,SITM
4990,SKGR
4991,SKGRU
4992,SKIN
4993,SKWD
4994,SKYT
4995,SKYW
4996,SKYX
4997,SLAB
4998,SLAC
4999,SLACU
5000,SLACW
5001,SLAM
5002,SLAMW
5003,SLDB
5004,SLDP
5005,SLDPW
5006,SLGC
5007,SLGCW
5008,SLGG
5009,SLM
5010,SLMBP
5011,SLNG
5012,SLNH
5013,SLNHP
5014,SLNO
5015,SLP
5016,SLRC
5017,SLRN
5018,SLRX
5019,SLS
5020,SLVR
5021,SLVRU
5022,SLVRW
5023,SMAP
5024,SMAPU
5025,SMAPW
5026,SMBC
5027,SMBK
5028,SMCI
5029,SMFL
5030,SMID
5031,SMLR
5032,SMMF
5033,SMMT
5034,SMPL
5035,SMSI
5036,SMTC
5037,SMTI
5038,SNAL
5039,SNAX
5040,SNAXW
5041,SNBR
5042,SNCE
5043,SNCR
5044,SNCRL
5045,SNCY
5046,SND
5047,SNDX
5048,SNES
5049,SNEX
5050,SNFCA
5051,SNGX
5052,SNOA
5053,SNPO
5054,SNPS
5055,SNPX
5056,SNSE
5057,SNTI
5058,SOBR
5059,SOFI
5060,SOFO
5061,SOHO
5062,SOHOB
5063,SOHON
5064,SOHOO
5065,SOND
5066,SONDW
5067,SONM
5068,SONN
5069,SONO
5070,SOPA
5071,SOTK
5072,SOUN
5073,SOUNW
5074,SOVO
5075,SP
5076,SPFI
5077,SPGC
5078,SPLK
5079,SPOK
5080,SPRB
5081,SPRO
5082,SPRY
5083,SPSC
5084,SPT
5085,SPTN
5086,SPWH
5087,SPWR
5088,SQFT
5089,SQFTP
5090,SQFTW
5091,SQL
5092,SQLLW
5093,SRCE
5094,SRCL
5095,SRDX
5096,SRM
5097,SRPT
5098,SRRK
5099,SRTS
5100,SRZN
5101,SRZNW
5102,SSB
5103,SSBI
5104,SSBK
5105,SSIC
5106,SSKN
5107,SSNC
5108,SSNT
5109,SSP
5110,SSSS
5111,SSSSL
5112,SSTI
5113,SSYS
5114,STAA
5115,STAF
5116,STBA
5117,STCN
5118,STEP
5119,STER
5120,STHO
5121,STIM
5122,STIX
5123,STIXW
5124,STKS
5125,STLD
5126,STOK
5127,STRA
5128,STRC
5129,STRCW
5130,STRL
5131,STRM
5132,STRO
5133,STRR
5134,STRRP
5135,STRS
5136,STRT
5137,STSS
5138,STTK
5139,SUNW
5140,SUPN
5141,SURF
5142,SURG
5143,SURGW
5144,SVC
5145,SVIIW
5146,SVRA
5147,SVVC
5148,SWAG
5149,SWAV
5150,SWBI
5151,SWIM
5152,SWKH
5153,SWKS
5154,SWSS
5155,SWSSW
5156,SWTX
5157,SXTP
5158,SXTPW
5159,SYBT
5160,SYBX
5161,SYM
5162,SYNA
5163,SYNH
5164,SYPR
5165,SYRS
5166,SZZL
5167,SZZLU
5168,SZZLW
5169,TACT
5170,TAIT
5171,TALK
5172,TALKW
5173,TALS
5174,TARA
5175,TARS
5176,TASK
5177,TAST
5178,TAYD
5179,TBBK
5180,TBCP
5181,TBCPW
5182,TBIO
5183,TBLD
5184,TBLT
5185,TBLTW
5186,TBMC
5187,TBMCR
5188,TBNK
5189,TCBC
5190,TCBI
5191,TCBIO
5192,TCBK
5193,TCBS
5194,TCBX
5195,TCMD
5196,TCON
5197,TCPC
5198,TCRT
5199,TCRX
5200,TDUP
5201,TECH
5202,TECTP
5203,TELA
5204,TENB
5205,TENK
5206,TENX
5207,TER
5208,TERN
5209,TFFP
5210,TFIN
5211,TFINP
5212,TFSL
5213,TGAN
5214,TGL
5215,TGTX
5216,TGVC
5217,TGVCW
5218,TH
5219,THCP
5220,THFF
5221,THMO
5222,THRD
5223,THRM
5224,THRN
5225,THRX
5226,THRY
5227,THWWW
5228,TIL
5229,TILE
5230,TIO
5231,TIPT
5232,TITN
5233,TIVC
5234,TKNO
5235,TLF
5236,TLGY
5237,TLGYU
5238,TLGYW
5239,TLIS
5240,TLS
5241,TLSI
5242,TLSIW
5243,TMCI
5244,TMDX
5245,TMPO
5246,TMPOW
5247,TMTC
5248,TMTCU
5249,TMUS
5250,TNDM
5251,TNGX
5252,TNON
5253,TNONW
5254,TNXP
5255,TNYA
5256,TOI
5257,TOIIW
5258,TOMZ
5259,TOWN
5260,TPCS
5261,TPG
5262,TPIC
5263,TPST
5264,TRDA
5265,TREE
5266,TRHC
5267,TRIN
5268,TRINL
5269,TRIP
5270,TRKA
5271,TRKAW
5272,TRMB
5273,TRMK
5274,TRNR
5275,TRNS
5276,TRON
5277,TRONU
5278,TRONW
5279,TROW
5280,TRS
5281,TRST
5282,TRUE
5283,TRUP
5284,TRVI
5285,TRVN
5286,TSBK
5287,TSBX
5288,TSCO
5289,TSHA
5290,TSLA
5291,TSP
5292,TSRI
5293,TSVT
5294,TTD
5295,TTEC
5296,TTEK
5297,TTGT
5298,TTMI
5299,TTNP
5300,TTOO
5301,TTSH
5302,TTWO
5303,TURN
5304,TUSK
5305,TVTX
5306,TW
5307,TWIN
5308,TWKS
5309,TWLV
5310,TWLVU
5311,TWNK
5312,TWOU
5313,TWST
5314,TXG
5315,TXMD
5316,TXN
5317,TXRH
5318,TYGO
5319,TYGOW
5320,TYRA
5321,TZOO
5322,UAL
5323,UBCP
5324,UBFO
5325,UBSI
5326,UBX
5327,UCBI
5328,UCBIO
5329,UCTT
5330,UDMY
5331,UEIC
5332,UFCS
5333,UFPI
5334,UFPT
5335,UG
5336,UGRO
5337,UHG
5338,UHGWW
5339,UK
5340,UKOMW
5341,ULBI
5342,ULCC
5343,ULH
5344,ULTA
5345,UMBF
5346,UNB
5347,UNCY
5348,UNIT
5349,UNTY
5350,UONE
5351,UONEK
5352,UPBD
5353,UPLD
5354,UPST
5355,UPTD
5356,UPTDU
5357,UPTDW
5358,UPWK
5359,UPXI
5360,URBN
5361,USAP
5362,USAU
5363,USCB
5364,USCT
5365,USCTU
5366,USCTW
5367,USEG
5368,USGO
5369,USGOW
5370,USIO
5371,USLM
5372,UTAA
5373,UTAAU
5374,UTHR
5375,UTMD
5376,UTRS
5377,UVSP
5378,VABK
5379,VALU
5380,VANI
5381,VAQC
5382,VAXX
5383,VBFC
5384,VBIV
5385,VBTX
5386,VC
5387,VCEL
5388,VCNX
5389,VCSA
5390,VCTR
5391,VCXA
5392,VCXAU
5393,VCXAW
5394,VCYT
5395,VECO
5396,VEEE
5397,VERA
5398,VERB
5399,VERBW
5400,VERI
5401,VERO
5402,VERU
5403,VERV
5404,VERX
5405,VERY
5406,VGAS
5407,VGASW
5408,VHNA
5409,VHNAU
5410,VHNAW
5411,VIA
5412,VIASP
5413,VIAV
5414,VICR
5415,VIEW
5416,VIEWW
5417,VIGL
5418,VII
5419,VIIAU
5420,VIIAW
5421,VINC
5422,VINO
5423,VIR
5424,VIRC
5425,VIRI
5426,VIRT
5427,VIRX
5428,VISL
5429,VITL
5430,VIVK
5431,VKTX
5432,VLCN
5433,VLGEA
5434,VLY
5435,VLYPO
5436,VLYPP
5437,VMCA
5438,VMCAU
5439,VMCAW
5440,VMD
5441,VMEO
5442,VNDA
5443,VNOM
5444,VOR
5445,VOXX
5446,VRA
5447,VRAR
5448,VRCA
5449,VRDN
5450,VREX
5451,VRM
5452,VRME
5453,VRMEW
5454,VRNS
5455,VRNT
5456,VRPX
5457,VRRM
5458,VRSK
5459,VRSN
5460,VRTS
5461,VRTX
5462,VSAC
5463,VSACU
5464,VSACW
5465,VSAT
5466,VSEC
5467,VSTM
5468,VTGN
5469,VTNR
5470,VTRS
5471,VTSI
5472,VTVT
5473,VTYX
5474,VUZI
5475,VVOS
5476,VWE
5477,VWEWW
5478,VXRT
5479,VYGR
5480,VYNE
5481,WABC
5482,WAFD
5483,WAFDP
5484,WALD
5485,WALDW
5486,WASH
5487,WATT
5488,WAVD
5489,WAVS
5490,WAVSU
5491,WBA
5492,WBD
5493,WDAY
5494,WDC
5495,WDFC
5496,WEN
5497,WERN
5498,WEST
5499,WESTW
5500,WEYS
5501,WFCF
5502,WFRD
5503,WGS
5504,WGSWW
5505,WHF
5506,WHFCL
5507,WHLM
5508,WHLR
5509,WHLRD
5510,WHLRL
5511,WHLRP
5512,WINA
5513,WING
5514,WINT
5515,WINV
5516,WINVR
5517,WINVW
5518,WIRE
5519,WISA
5520,WISH
5521,WKHS
5522,WLDN
5523,WLFC
5524,WMG
5525,WMPN
5526,WNEB
5527,WOOF
5528,WORX
5529,WRAP
5530,WRLD
5531,WSBC
5532,WSBCP
5533,WSBF
5534,WSC
5535,WSFS
5536,WTBA
5537,WTER
5538,WTFC
5539,WTFCM
5540,WTFCP
5541,WTMA
5542,WTMAR
5543,WTMAU
5544,WULF
5545,WVVI
5546,WVVIP
5547,WW
5548,WWAC
5549,WWACU
5550,WWACW
5551,WWD
5552,WYNN
5553,XAIR
5554,XBIO
5555,XBIOW
5556,XBIT
5557,XCUR
5558,XEL
5559,XELA
5560,XELAP
5561,XELB
5562,XERS
5563,XFIN
5564,XFINU
5565,XFINW
5566,XFOR
5567,XGN
5568,XLO
5569,XMTR
5570,XNCR
5571,XOMA
5572,XOMAO
5573,XOMAP
5574,XOS
5575,XOSWW
5576,XPDB
5577,XPDBW
5578,XPEL
5579,XPON
5580,XRAY
5581,XRX
5582,XWEL
5583,XXII
5584,YMAB
5585,YORW
5586,YOSH
5587,YOTA
5588,YOTAR
5589,YOTAW
5590,YTEN
5591,Z
5592,ZBRA
5593,ZD
5594,ZEUS
5595,ZFOX
5596,ZFOXW
5597,ZG
5598,ZI
5599,ZIMV
5600,ZION
5601,ZIONL
5602,ZIONO
5603,ZIONP
5604,ZIVO
5605,ZIVOW
5606,ZLS
5607,ZLSWW
5608,ZM
5609,ZNTL
5610,ZS
5611,ZUMZ
5612,ZVRA
5613,ZVSA
5614,ZYME
5615,ZYNE
5616,ZYXI
